timestamp,id,event_sequence,arguments[0],arguments[1],arguments[2],arguments[3],arguments[4],arguments[5],arguments[6],arguments[7],arguments[8],arguments[9],arguments[10],arguments[11],arguments[12],arguments[13],arguments[14],arguments[15],arguments[16],arguments[17],arguments[18],arguments[19],arguments[20],arguments[21],arguments[22],arguments[23],arguments[24],log_levels
3092000,18691879,1,0,2,0,0,40,0,0,0,0,0,0,0,0,0,0,0,0,0,0,0,0,0,0,0,0,136
3200000,17980399,2,231,7,9,25,8,44,31,0,0,0,0,0,0,0,0,0,0,0,0,0,0,0,0,0,0,102
5144000,27825120,3,0,0,0,16,0,128,0,0,0,192,59,129,255,192,59,129,255,0,0,0,0,0,0,0,0,136
5144000,30612409,4,60,0,126,0,20,0,0,0,0,0,0,0,0,0,0,0,0,0,0,0,0,0,0,0,0,51
5144000,26788467,5,56,0,0,0,20,0,0,0,0,0,0,0,0,0,0,0,0,0,0,0,0,0,0,0,0,51
5144000,19865031,6,0,64,0,0,20,0,0,0,0,0,0,0,0,0,0,0,0,0,0,0,0,0,0,0,0,51
5144000,17231145,7,255,255,255,255,7,0,0,0,0,0,0,0,0,0,0,0,0,0,0,0,0,0,0,0,0,68
5144000,23579003,8,255,255,255,255,12,0,0,0,0,0,0,0,0,0,0,0,0,0,0,0,0,0,0,0,0,102
5144000,18691879,9,0,2,9,2,40,0,0,0,0,0,0,0,0,0,0,0,0,0,0,0,0,0,0,0,0,136
8708000,27825120,10,0,0,0,16,0,128,0,0,0,192,59,129,255,192,59,129,255,0,0,0,0,0,0,0,0,136
8708000,30612409,11,60,0,126,0,20,0,0,0,0,0,0,0,0,0,0,0,0,0,0,0,0,0,0,0,0,51
8708000,26788467,12,56,0,0,0,20,0,0,0,0,0,0,0,0,0,0,0,0,0,0,0,0,0,0,0,0,51
8708000,19865031,13,0,64,0,0,20,0,0,0,0,0,0,0,0,0,0,0,0,0,0,0,0,0,0,0,0,51
8708000,17231145,14,255,255,255,255,7,0,0,0,0,0,0,0,0,0,0,0,0,0,0,0,0,0,0,0,0,68
8708000,23579003,15,255,255,255,255,12,0,0,0,0,0,0,0,0,0,0,0,0,0,0,0,0,0,0,0,0,102
8708000,18691879,16,0,10,9,2,40,0,0,0,0,0,0,0,0,0,0,0,0,0,0,0,0,0,0,0,0,136
10760000,27825120,17,0,0,0,16,0,128,0,0,0,248,59,255,255,248,59,255,255,0,0,0,0,0,0,0,0,136
10760000,19865031,18,0,64,0,0,20,0,0,0,0,0,0,0,0,0,0,0,0,0,0,0,0,0,0,0,0,51
10760000,17231145,19,255,255,255,255,7,0,0,0,0,0,0,0,0,0,0,0,0,0,0,0,0,0,0,0,0,68
10760000,23579003,20,255,255,255,255,12,0,0,0,0,0,0,0,0,0,0,0,0,0,0,0,0,0,0,0,0,102
10760000,18691879,21,0,10,9,2,40,0,0,0,0,0,0,0,0,0,0,0,0,0,0,0,0,0,0,0,0,136
12776000,26266355,22,3,0,0,0,0,0,0,0,0,0,0,0,0,0,0,0,0,0,0,0,0,0,0,0,0,102
12776000,31192866,23,0,0,32,64,0,0,0,0,0,0,0,0,0,0,0,0,0,0,0,0,0,0,0,0,0,102
14564000,21054825,24,0,0,0,0,0,0,0,0,0,0,0,0,0,0,0,0,0,0,0,0,0,0,0,0,0,102
29276000,20099806,25,0,0,0,0,0,0,0,0,0,0,0,0,0,0,0,0,0,0,0,0,0,0,0,0,0,102
41204000,26622124,26,0,0,0,0,0,0,0,0,0,0,0,0,0,0,0,0,0,0,0,0,0,0,0,0,0,102
43208000,32794487,27,6,0,0,0,0,0,0,0,0,0,0,0,0,0,0,0,0,0,0,0,0,0,0,0,0,102
