timestamp,x,y,z,vx,vy,vz,acceleration[0],acceleration[1],acceleration[2],thrust[0],thrust[1],thrust[2],yaw,yawspeed
3212000,nan,nan,nan,nan,nan,nan,0.0,0.0,100.0,-0.0,-0.0,-0.001,4.9679817e-05,0.0
3220000,nan,nan,nan,nan,nan,nan,0.0,0.0,100.0,-0.0,-0.0,-0.001,3.4059107e-05,0.0
3308000,nan,nan,nan,nan,nan,nan,0.0,0.0,100.0,-0.0,-0.0,-0.001,1.6276275,0.0
3404000,nan,nan,nan,nan,nan,nan,0.0,0.0,100.0,-0.0,-0.0,-0.001,1.6276077,0.0
3508000,nan,nan,nan,nan,nan,nan,0.0,0.0,100.0,-0.0,-0.0,-0.001,1.633437,0.0
3604000,nan,nan,nan,nan,nan,nan,0.0,0.0,100.0,-0.0,-0.0,-0.001,1.6333452,0.0
3708000,nan,nan,nan,nan,nan,nan,0.0,0.0,100.0,-0.0,-0.0,-0.001,1.633095,0.0
3804000,nan,nan,nan,nan,nan,nan,0.0,0.0,100.0,-0.0,-0.0,-0.001,1.6326319,0.0
3908000,nan,nan,nan,nan,nan,nan,0.0,0.0,100.0,-0.0,-0.0,-0.001,1.6318951,0.0
4012000,nan,nan,nan,nan,nan,nan,0.0,0.0,100.0,-0.0,-0.0,-0.001,1.6304038,0.0
4108000,nan,nan,nan,nan,nan,nan,0.0,0.0,100.0,-0.0,-0.0,-0.001,1.6288636,0.0
4212000,nan,nan,nan,nan,nan,nan,0.0,0.0,100.0,-0.0,-0.0,-0.001,1.6278768,0.0
4308000,nan,nan,nan,nan,nan,nan,0.0,0.0,100.0,-0.0,-0.0,-0.001,1.627616,0.0
4404000,nan,nan,nan,nan,nan,nan,0.0,0.0,100.0,-0.0,-0.0,-0.001,1.6270723,0.0
4508000,nan,nan,nan,nan,nan,nan,0.0,0.0,100.0,-0.0,-0.0,-0.001,1.6263093,0.0
4604000,nan,nan,nan,nan,nan,nan,0.0,0.0,100.0,-0.0,-0.0,-0.001,1.6258541,0.0
4708000,nan,nan,nan,nan,nan,nan,0.0,0.0,100.0,-0.0,-0.0,-0.001,1.6254163,0.0
4812000,nan,nan,nan,nan,nan,nan,0.0,0.0,100.0,-0.0,-0.0,-0.001,1.6235027,0.0
4908000,nan,nan,nan,nan,nan,nan,0.0,0.0,100.0,-0.0,-0.0,-0.001,1.6224914,0.0
5004000,nan,nan,nan,nan,nan,nan,0.0,0.0,100.0,-0.0,-0.0,-0.001,1.6238315,0.0
5108000,nan,nan,nan,nan,nan,nan,0.0,0.0,100.0,-0.0,-0.0,-0.001,1.6245129,0.0
5204000,nan,nan,nan,nan,nan,nan,0.0,0.0,100.0,-0.0,-0.0,-0.001,1.6241952,0.0
5308000,nan,nan,nan,nan,nan,nan,0.0,0.0,100.0,-0.0,-0.0,-0.001,1.6237421,0.0
5412000,nan,nan,nan,nan,nan,nan,0.0,0.0,100.0,-0.0,-0.0,-0.001,1.6221312,0.0
5508000,nan,nan,nan,nan,nan,nan,0.0,0.0,100.0,-0.0,-0.0,-0.001,1.6208478,0.0
5604000,nan,nan,nan,nan,nan,nan,0.0,0.0,100.0,-0.0,-0.0,-0.001,1.6202878,0.0
5708000,nan,nan,nan,nan,nan,nan,0.0,0.0,100.0,-0.0,-0.0,-0.001,1.6223999,0.0
5812000,nan,nan,nan,nan,nan,nan,0.0,0.0,100.0,-0.0,-0.0,-0.001,1.6242604,0.0
5908000,nan,nan,nan,nan,nan,nan,0.0,0.0,100.0,-0.0,-0.0,-0.001,1.6246886,0.0
6012000,nan,nan,nan,nan,nan,nan,0.0,0.0,100.0,-0.0,-0.0,-0.001,1.6248555,0.0
6108000,nan,nan,nan,nan,nan,nan,0.0,0.0,100.0,-0.0,-0.0,-0.001,1.6245048,0.0
6204000,nan,nan,nan,nan,nan,nan,0.0,0.0,100.0,-0.0,-0.0,-0.001,1.6237551,0.0
6308000,nan,nan,nan,nan,nan,nan,0.0,0.0,100.0,-0.0,-0.0,-0.001,1.622744,0.0
6412000,nan,nan,nan,nan,nan,nan,0.0,0.0,100.0,-0.0,-0.0,-0.001,1.6219246,0.0
6508000,nan,nan,nan,nan,nan,nan,0.0,0.0,100.0,-0.0,-0.0,-0.001,1.6216712,0.0
6604000,nan,nan,nan,nan,nan,nan,0.0,0.0,100.0,-0.0,-0.0,-0.001,1.6216031,0.0
6708000,nan,nan,nan,nan,nan,nan,0.0,0.0,100.0,-0.0,-0.0,-0.001,1.6223971,0.0
6812000,nan,nan,nan,nan,nan,nan,0.0,0.0,100.0,-0.0,-0.0,-0.001,1.6237679,0.0
6908000,nan,nan,nan,nan,nan,nan,0.0,0.0,100.0,-0.0,-0.0,-0.001,1.6251367,0.0
7012000,nan,nan,nan,nan,nan,nan,0.0,0.0,100.0,-0.0,-0.0,-0.001,1.6258217,0.0
7108000,nan,nan,nan,nan,nan,nan,0.0,0.0,100.0,-0.0,-0.0,-0.001,1.6264195,0.0
7204000,nan,nan,nan,nan,nan,nan,0.0,0.0,100.0,-0.0,-0.0,-0.001,1.626604,0.0
7308000,nan,nan,nan,nan,nan,nan,0.0,0.0,100.0,-0.0,-0.0,-0.001,1.6260512,0.0
7412000,nan,nan,nan,nan,nan,nan,0.0,0.0,100.0,-0.0,-0.0,-0.001,1.626667,0.0
7508000,nan,nan,nan,nan,nan,nan,0.0,0.0,100.0,-0.0,-0.0,-0.001,1.6269959,0.0
7612000,nan,nan,nan,nan,nan,nan,0.0,0.0,100.0,-0.0,-0.0,-0.001,1.6266972,0.0
7708000,nan,nan,nan,nan,nan,nan,0.0,0.0,100.0,-0.0,-0.0,-0.001,1.6267053,0.0
7804000,nan,nan,nan,nan,nan,nan,0.0,0.0,100.0,-0.0,-0.0,-0.001,1.6262957,0.0
7908000,nan,nan,nan,nan,nan,nan,0.0,0.0,100.0,-0.0,-0.0,-0.001,1.6259058,0.0
8004000,nan,nan,nan,nan,nan,nan,0.0,0.0,100.0,-0.0,-0.0,-0.001,1.6249801,0.0
8108000,nan,nan,nan,nan,nan,nan,0.0,0.0,100.0,-0.0,-0.0,-0.001,1.6245613,0.0
8212000,nan,nan,nan,nan,nan,nan,0.0,0.0,100.0,-0.0,-0.0,-0.001,1.6245186,0.0
8308000,nan,nan,nan,nan,nan,nan,0.0,0.0,100.0,-0.0,-0.0,-0.001,1.6249758,0.0
8412000,nan,nan,nan,nan,nan,nan,0.0,0.0,100.0,-0.0,-0.0,-0.001,1.6244639,0.0
8508000,nan,nan,nan,nan,nan,nan,0.0,0.0,100.0,-0.0,-0.0,-0.001,1.6235698,0.0
8612000,nan,nan,nan,nan,nan,nan,0.0,0.0,100.0,-0.0,-0.0,-0.001,1.6234585,0.0
8708000,nan,nan,nan,nan,nan,nan,0.0,0.0,100.0,-0.0,-0.0,-0.001,1.6232439,0.0
8804000,nan,nan,nan,nan,nan,nan,0.0,0.0,100.0,-0.0,-0.0,-0.001,1.6231695,0.0
8908000,nan,nan,nan,nan,nan,nan,0.0,0.0,100.0,-0.0,-0.0,-0.001,1.623221,0.0
9004000,nan,nan,nan,nan,nan,nan,0.0,0.0,100.0,-0.0,-0.0,-0.001,1.6237391,0.0
9108000,nan,nan,nan,nan,nan,nan,0.0,0.0,100.0,-0.0,-0.0,-0.001,1.6239668,0.0
9204000,nan,nan,nan,nan,nan,nan,0.0,0.0,100.0,-0.0,-0.0,-0.001,1.6238945,0.0
9308000,nan,nan,nan,nan,nan,nan,0.0,0.0,100.0,-0.0,-0.0,-0.001,1.6238304,0.0
9404000,nan,nan,nan,nan,nan,nan,0.0,0.0,100.0,-0.0,-0.0,-0.001,1.6236725,0.0
9508000,nan,nan,nan,nan,nan,nan,0.0,0.0,100.0,-0.0,-0.0,-0.001,1.6236529,0.0
9612000,nan,nan,nan,nan,nan,nan,0.0,0.0,100.0,-0.0,-0.0,-0.001,1.6239043,0.0
9708000,nan,nan,nan,nan,nan,nan,0.0,0.0,100.0,-0.0,-0.0,-0.001,1.624016,0.0
9812000,nan,nan,nan,nan,nan,nan,0.0,0.0,100.0,-0.0,-0.0,-0.001,1.6239647,0.0
9908000,nan,nan,nan,nan,nan,nan,0.0,0.0,100.0,-0.0,-0.0,-0.001,1.6237969,0.0
10004000,nan,nan,nan,nan,nan,nan,0.0,0.0,100.0,-0.0,-0.0,-0.001,1.623714,0.0
10108000,nan,nan,nan,nan,nan,nan,0.0,0.0,100.0,-0.0,-0.0,-0.001,1.6239444,0.0
10204000,nan,nan,nan,nan,nan,nan,0.0,0.0,100.0,-0.0,-0.0,-0.001,1.6240888,0.0
10308000,nan,nan,nan,nan,nan,nan,0.0,0.0,100.0,-0.0,-0.0,-0.001,1.6239628,0.0
10404000,nan,nan,nan,nan,nan,nan,0.0,0.0,100.0,-0.0,-0.0,-0.001,1.6239877,0.0
10508000,nan,nan,nan,nan,nan,nan,0.0,0.0,100.0,-0.0,-0.0,-0.001,1.6239207,0.0
10604000,nan,nan,nan,nan,nan,nan,0.0,0.0,100.0,-0.0,-0.0,-0.001,1.623655,0.0
10708000,nan,nan,nan,nan,nan,nan,0.0,0.0,100.0,-0.0,-0.0,-0.001,1.6232675,0.0
10804000,nan,nan,nan,nan,nan,nan,0.0,0.0,100.0,-0.0,-0.0,-0.001,1.6232587,0.0
10908000,nan,nan,nan,nan,nan,nan,0.0,0.0,100.0,-0.0,-0.0,-0.001,1.6232643,0.0
11012000,nan,nan,nan,nan,nan,nan,0.0,0.0,100.0,-0.0,-0.0,-0.001,1.6233581,0.0
11108000,nan,nan,nan,nan,nan,nan,0.0,0.0,100.0,-0.0,-0.0,-0.001,1.6234107,0.0
11204000,nan,nan,nan,nan,nan,nan,0.0,0.0,100.0,-0.0,-0.0,-0.001,1.6231964,0.0
11308000,nan,nan,nan,nan,nan,nan,0.0,0.0,100.0,-0.0,-0.0,-0.001,1.6230774,0.0
11412000,nan,nan,nan,nan,nan,nan,0.0,0.0,100.0,-0.0,-0.0,-0.001,1.6230603,0.0
11508000,nan,nan,nan,nan,nan,nan,0.0,0.0,100.0,-0.0,-0.0,-0.001,1.6234674,0.0
11604000,nan,nan,nan,nan,nan,nan,0.0,0.0,100.0,-0.0,-0.0,-0.001,1.6238024,0.0
11708000,nan,nan,nan,nan,nan,nan,0.0,0.0,100.0,-0.0,-0.0,-0.001,1.623965,0.0
11812000,nan,nan,nan,nan,nan,nan,0.0,0.0,100.0,-0.0,-0.0,-0.001,1.6237477,0.0
11908000,nan,nan,nan,nan,nan,nan,0.0,0.0,100.0,-0.0,-0.0,-0.001,1.623621,0.0
12004000,nan,nan,nan,nan,nan,nan,0.0,0.0,100.0,-0.0,-0.0,-0.001,1.6235045,0.0
12108000,nan,nan,nan,nan,nan,nan,0.0,0.0,100.0,-0.0,-0.0,-0.001,1.6237099,0.0
12212000,nan,nan,nan,nan,nan,nan,0.0,0.0,100.0,-0.0,-0.0,-0.001,1.6236967,0.0
12308000,nan,nan,nan,nan,nan,nan,0.0,0.0,100.0,-0.0,-0.0,-0.001,1.6236321,0.0
12404000,nan,nan,nan,nan,nan,nan,0.0,0.0,100.0,-0.0,-0.0,-0.001,1.6235986,0.0
12508000,nan,nan,nan,nan,nan,nan,0.0,0.0,100.0,-0.0,-0.0,-0.001,1.6232897,0.0
12612000,nan,nan,nan,nan,nan,nan,0.0,0.0,100.0,-0.0,-0.0,-0.001,1.6229575,0.0
12708000,nan,nan,nan,nan,nan,nan,0.0,0.0,100.0,-0.0,-0.0,-0.001,1.622503,0.0
12812000,nan,nan,nan,nan,nan,nan,0.0,0.0,100.0,-0.0,-0.0,-0.001,1.6224849,0.0
12908000,nan,nan,nan,nan,nan,nan,0.0,0.0,100.0,-0.0,-0.0,-0.001,1.6222907,0.0
13004000,nan,nan,nan,nan,nan,nan,0.0,0.0,100.0,-0.0,-0.0,-0.001,1.6221948,0.0
13108000,nan,nan,nan,nan,nan,nan,0.0,0.0,100.0,-0.0,-0.0,-0.001,1.6225364,0.0
13204000,nan,nan,nan,nan,nan,nan,0.0,0.0,100.0,-0.0,-0.0,-0.001,1.6226227,0.0
13308000,nan,nan,nan,nan,nan,nan,0.0,0.0,100.0,-0.0,-0.0,-0.001,1.6223754,0.0
13404000,nan,nan,nan,nan,nan,nan,0.0,0.0,100.0,-0.0,-0.0,-0.001,1.6223336,0.0
13508000,nan,nan,nan,nan,nan,nan,0.0,0.0,100.0,-0.0,-0.0,-0.001,1.6224942,0.0
13604000,nan,nan,nan,nan,nan,nan,0.0,0.0,100.0,-0.0,-0.0,-0.001,1.62266,0.0
13708000,nan,nan,nan,nan,nan,nan,0.0,0.0,100.0,-0.0,-0.0,-0.001,1.6227784,0.0
13804000,nan,nan,nan,nan,nan,nan,0.0,0.0,100.0,-0.0,-0.0,-0.001,1.6231447,0.0
13908000,nan,nan,nan,nan,nan,nan,0.0,0.0,100.0,-0.0,-0.0,-0.001,1.6230571,0.0
14004000,nan,nan,nan,nan,nan,nan,0.0,0.0,100.0,-0.0,-0.0,-0.001,1.6227653,0.0
14108000,nan,nan,nan,nan,nan,nan,0.0,0.0,100.0,-0.0,-0.0,-0.001,1.6221948,0.0
14204000,nan,nan,nan,nan,nan,nan,0.0,0.0,100.0,-0.0,-0.0,-0.001,1.6215487,0.0
14308000,nan,nan,nan,nan,nan,nan,0.0,0.0,100.0,-0.0,-0.0,-0.001,1.6208558,0.0
14412000,nan,nan,nan,nan,nan,nan,0.0,0.0,100.0,-0.0,-0.0,-0.001,1.6202518,0.0
14508000,nan,nan,nan,nan,nan,nan,0.0,0.0,100.0,-0.0,-0.0,-0.001,1.6201311,0.0
14604000,nan,nan,nan,nan,nan,nan,0.0,0.0,100.0,-0.0,-0.0,-0.001,1.6202004,0.0
14708000,nan,nan,nan,nan,nan,nan,0.0,0.0,100.0,-0.0,-0.0,-0.001,1.6203061,0.0
14804000,nan,nan,nan,nan,nan,nan,0.0,0.0,100.0,-0.0,-0.0,-0.001,1.6203413,0.0
14908000,nan,nan,nan,nan,nan,nan,0.0,0.0,100.0,-0.0,-0.0,-0.001,1.6198788,0.0
15004000,nan,nan,nan,nan,nan,nan,0.0,0.0,100.0,-0.0,-0.0,-0.001,1.6192794,0.0
15108000,nan,nan,nan,nan,nan,nan,0.0,0.0,100.0,-0.0,-0.0,-0.001,1.6192253,0.0
15212000,nan,nan,nan,nan,nan,nan,0.0,0.0,100.0,-0.0,-0.0,-0.001,1.6191183,0.0
15308000,nan,nan,nan,nan,nan,nan,0.0,0.0,100.0,-0.0,-0.0,-0.001,1.6189895,0.0
15404000,nan,nan,nan,nan,nan,nan,0.0,0.0,100.0,-0.0,-0.0,-0.001,1.6189595,0.0
15508000,nan,nan,nan,nan,nan,nan,0.0,0.0,100.0,-0.0,-0.0,-0.001,1.6188644,0.0
15604000,nan,nan,nan,nan,nan,nan,0.0,0.0,100.0,-0.0,-0.0,-0.001,1.6188947,0.0
15708000,nan,nan,nan,nan,nan,nan,0.0,0.0,100.0,-0.0,-0.0,-0.001,1.6190366,0.0
15804000,nan,nan,nan,nan,nan,nan,0.0,0.0,100.0,-0.0,-0.0,-0.001,1.6189526,0.0
15908000,nan,nan,nan,nan,nan,nan,0.0,0.0,100.0,-0.0,-0.0,-0.001,1.6189038,0.0
16004000,nan,nan,nan,nan,nan,nan,0.0,0.0,100.0,-0.0,-0.0,-0.001,1.618825,0.0
16108000,nan,nan,nan,nan,nan,nan,0.0,0.0,100.0,-0.0,-0.0,-0.001,1.6187454,0.0
16212000,nan,nan,nan,nan,nan,nan,0.0,0.0,100.0,-0.0,-0.0,-0.001,1.6185653,0.0
16308000,nan,nan,nan,nan,nan,nan,0.0,0.0,100.0,-0.0,-0.0,-0.001,1.6182699,0.0
16404000,nan,nan,nan,nan,nan,nan,0.0,0.0,100.0,-0.0,-0.0,-0.001,1.6179873,0.0
16508000,nan,nan,nan,nan,nan,nan,0.0,0.0,100.0,-0.0,-0.0,-0.001,1.6178916,0.0
16604000,nan,nan,nan,nan,nan,nan,0.0,0.0,100.0,-0.0,-0.0,-0.001,1.6179556,0.0
16708000,nan,nan,nan,nan,nan,nan,0.0,0.0,100.0,-0.0,-0.0,-0.001,1.6180155,0.0
16812000,nan,nan,nan,nan,nan,nan,0.0,0.0,100.0,-0.0,-0.0,-0.001,1.6177057,0.0
16908000,nan,nan,nan,nan,nan,nan,0.0,0.0,100.0,-0.0,-0.0,-0.001,1.6176026,0.0
17004000,nan,nan,nan,nan,nan,nan,0.0,0.0,100.0,-0.0,-0.0,-0.001,1.617482,0.0
17108000,nan,nan,nan,nan,nan,nan,0.0,0.0,100.0,-0.0,-0.0,-0.001,1.617331,0.0
17204000,nan,nan,nan,nan,nan,nan,0.0,0.0,100.0,-0.0,-0.0,-0.001,1.6174208,0.0
17308000,nan,nan,nan,nan,nan,nan,0.0,0.0,100.0,-0.0,-0.0,-0.001,1.617508,0.0
17404000,nan,nan,nan,nan,nan,nan,0.0,0.0,100.0,-0.0,-0.0,-0.001,1.6175764,0.0
17508000,nan,nan,nan,nan,nan,nan,0.0,0.0,100.0,-0.0,-0.0,-0.001,1.6172469,0.0
17604000,nan,nan,nan,nan,nan,nan,0.0,0.0,100.0,-0.0,-0.0,-0.001,1.6168568,0.0
17708000,nan,nan,nan,nan,nan,nan,0.0,0.0,100.0,-0.0,-0.0,-0.001,1.6165473,0.0
17804000,nan,nan,nan,nan,nan,nan,0.0,0.0,100.0,-0.0,-0.0,-0.001,1.6163398,0.0
17908000,nan,nan,nan,nan,nan,nan,0.0,0.0,100.0,-0.0,-0.0,-0.001,1.6161482,0.0
18004000,nan,nan,nan,nan,nan,nan,0.0,0.0,100.0,-0.0,-0.0,-0.001,1.6159829,0.0
18108000,nan,nan,nan,nan,nan,nan,0.0,0.0,100.0,-0.0,-0.0,-0.001,1.615991,0.0
18212000,nan,nan,nan,nan,nan,nan,0.0,0.0,100.0,-0.0,-0.0,-0.001,1.616238,0.0
18308000,nan,nan,nan,nan,nan,nan,0.0,0.0,100.0,-0.0,-0.0,-0.001,1.616266,0.0
18404000,nan,nan,nan,nan,nan,nan,0.0,0.0,100.0,-0.0,-0.0,-0.001,1.6161895,0.0
18508000,nan,nan,nan,nan,nan,nan,0.0,0.0,100.0,-0.0,-0.0,-0.001,1.616174,0.0
18612000,nan,nan,nan,nan,nan,nan,0.0,0.0,100.0,-0.0,-0.0,-0.001,1.6161312,0.0
18708000,nan,nan,nan,nan,nan,nan,0.0,0.0,100.0,-0.0,-0.0,-0.001,1.6161019,0.0
18804000,nan,nan,nan,nan,nan,nan,0.0,0.0,100.0,-0.0,-0.0,-0.001,1.6159196,0.0
18908000,nan,nan,nan,nan,nan,nan,0.0,0.0,100.0,-0.0,-0.0,-0.001,1.6156064,0.0
19004000,nan,nan,nan,nan,nan,nan,0.0,0.0,100.0,-0.0,-0.0,-0.001,1.6154227,0.0
19108000,nan,nan,nan,nan,nan,nan,0.0,0.0,100.0,-0.0,-0.0,-0.001,1.615441,0.0
19204000,nan,nan,nan,nan,nan,nan,0.0,0.0,100.0,-0.0,-0.0,-0.001,1.6152413,0.0
19308000,nan,nan,nan,nan,nan,nan,0.0,0.0,100.0,-0.0,-0.0,-0.001,1.6148701,0.0
19404000,nan,nan,nan,nan,nan,nan,0.0,0.0,100.0,-0.0,-0.0,-0.001,1.6146957,0.0
19508000,nan,nan,nan,nan,nan,nan,0.0,0.0,100.0,-0.0,-0.0,-0.001,1.614715,0.0
19604000,nan,nan,nan,nan,nan,nan,0.0,0.0,100.0,-0.0,-0.0,-0.001,1.6148641,0.0
19708000,nan,nan,nan,nan,nan,nan,0.0,0.0,100.0,-0.0,-0.0,-0.001,1.614911,0.0
19812000,nan,nan,nan,nan,nan,nan,0.0,0.0,100.0,-0.0,-0.0,-0.001,1.614874,0.0
19908000,nan,nan,nan,nan,nan,nan,0.0,0.0,100.0,-0.0,-0.0,-0.001,1.6147999,0.0
20004000,nan,nan,nan,nan,nan,nan,0.0,0.0,100.0,-0.0,-0.0,-0.001,1.6147094,0.0
20108000,nan,nan,nan,nan,nan,nan,0.0,0.0,100.0,-0.0,-0.0,-0.001,1.614752,0.0
20212000,nan,nan,nan,nan,nan,nan,0.0,0.0,100.0,-0.0,-0.0,-0.001,1.6147901,0.0
20308000,nan,nan,nan,nan,nan,nan,0.0,0.0,100.0,-0.0,-0.0,-0.001,1.6146678,0.0
20412000,nan,nan,nan,nan,nan,nan,0.0,0.0,100.0,-0.0,-0.0,-0.001,1.6143647,0.0
20508000,nan,nan,nan,nan,nan,nan,0.0,0.0,100.0,-0.0,-0.0,-0.001,1.6141227,0.0
20612000,nan,nan,nan,nan,nan,nan,0.0,0.0,100.0,-0.0,-0.0,-0.001,1.6141076,0.0
20708000,nan,nan,nan,nan,nan,nan,0.0,0.0,100.0,-0.0,-0.0,-0.001,1.6144145,0.0
20804000,nan,nan,nan,nan,nan,nan,0.0,0.0,100.0,-0.0,-0.0,-0.001,1.6144348,0.0
20908000,nan,nan,nan,nan,nan,nan,0.0,0.0,100.0,-0.0,-0.0,-0.001,1.6142267,0.0
21004000,nan,nan,nan,nan,nan,nan,0.0,0.0,100.0,-0.0,-0.0,-0.001,1.614038,0.0
21108000,nan,nan,nan,nan,nan,nan,0.0,0.0,100.0,-0.0,-0.0,-0.001,1.6138982,0.0
21204000,nan,nan,nan,nan,nan,nan,0.0,0.0,100.0,-0.0,-0.0,-0.001,1.6138374,0.0
21308000,nan,nan,nan,nan,nan,nan,0.0,0.0,100.0,-0.0,-0.0,-0.001,1.6138785,0.0
21412000,nan,nan,nan,nan,nan,nan,0.0,0.0,100.0,-0.0,-0.0,-0.001,1.6138266,0.0
21508000,nan,nan,nan,nan,nan,nan,0.0,0.0,100.0,-0.0,-0.0,-0.001,1.61343,0.0
21604000,nan,nan,nan,nan,nan,nan,0.0,0.0,100.0,-0.0,-0.0,-0.001,1.6130211,0.0
21708000,nan,nan,nan,nan,nan,nan,0.0,0.0,100.0,-0.0,-0.0,-0.001,1.6128095,0.0
21804000,nan,nan,nan,nan,nan,nan,0.0,0.0,100.0,-0.0,-0.0,-0.001,1.6127646,0.0
21908000,nan,nan,nan,nan,nan,nan,0.0,0.0,100.0,-0.0,-0.0,-0.001,1.6129618,0.0
22004000,nan,nan,nan,nan,nan,nan,0.0,0.0,100.0,-0.0,-0.0,-0.001,1.6131482,0.0
22108000,nan,nan,nan,nan,nan,nan,0.0,0.0,100.0,-0.0,-0.0,-0.001,1.613235,0.0
22204000,0.0062703923,-0.0018545459,-0.002725785,4.4972057e-05,9.668808e-05,2.422587,-0.016573958,0.038561463,9.568442,-2.0481963e-05,4.7653946e-05,-0.012145221,1.6130503,0.0
22308000,0.0063400343,-0.0020435688,0.0017365387,0.0010876129,-0.0006546527,2.233596,-0.012781674,0.03767822,9.288481,-3.429917e-05,0.000101108184,-0.026419282,1.6128215,0.0
22404000,0.0063553564,-0.0020377375,-0.00376854,0.0015549148,-0.00043011596,2.0591428,-0.010261028,0.038100842,8.993164,-4.3268898e-05,0.00016066435,-0.04147625,1.6127341,0.0
22508000,0.0063839676,-0.002026706,0.0019261223,0.0016675618,0.00039623817,1.8701518,-0.009835016,0.03929776,8.636232,-6.0026734e-05,0.00023984876,-0.05967471,1.6124386,0.0
22612000,0.0064214654,-0.0020121722,-0.0013286347,0.0016474625,0.00087560917,1.6811609,-0.011402339,0.03901011,8.234291,-9.350995e-05,0.00031991978,-0.08016801,1.6122454,0.0
22708000,0.0064740903,-0.0019917178,0.002947294,0.0023234938,-0.0017713081,1.5067077,-0.008688033,0.027449485,7.829957,-8.84769e-05,0.00027953918,-0.10078332,1.6121,0.0
22804000,0.006533694,-0.001968509,0.00024015206,0.0025807763,-0.0034056138,1.3322544,-0.0095280465,0.020678623,7.3904934,-0.00011940227,0.00025913757,-0.12318972,1.6120613,0.0
22908000,0.0066102506,-0.0019386627,0.0054504015,0.002474571,-0.004235261,1.1432633,-0.011673677,0.023744378,6.875145,-0.00017782713,0.00036170217,-0.14946517,1.6121309,0.0
23004000,0.006692143,-0.0019067081,0.0047893934,0.0022376927,-0.004448823,0.9688109,-0.013034685,0.017168555,6.3703566,-0.0002342174,0.000308498,-0.17520222,1.6120831,0.0
23108000,0.00679289,-0.0018673695,0.0050768,0.002987481,-0.005856767,0.7798209,-0.008832398,0.013658737,5.7871017,-0.00018426907,0.00028496026,-0.20493993,1.6118808,0.0
23212000,0.0068969927,-0.001826699,0.002455625,0.003287399,-0.0063973786,0.59083104,-0.0058583138,0.015884414,5.1599617,-0.00014152295,0.0003837297,-0.23691517,1.611873,0.0
23308000,0.007021802,-0.0017779183,0.0048140613,0.0033451375,-0.006250807,0.41637874,-0.0028641485,0.01714813,4.54698,-7.777752e-05,0.00046566685,-0.26816857,1.6120055,0.0
23412000,0.007148116,-0.0017285319,0.0051881364,0.0032039306,-0.006041916,0.22738886,-0.0060354164,0.012960621,3.8465428,-0.00019306263,0.00041458805,-0.3038809,1.6122127,0.0
23508000,0.007296986,-0.0016703091,0.0032017124,0.0030606263,-0.007404067,0.08172054,-0.0076751355,0.009629801,3.2893105,-0.00026755748,0.00033569767,-0.33229184,1.6123239,0.0
23604000,0.0074455105,-0.0016122069,0.0017159693,0.0027098518,-0.00803785,0.032107964,-0.006223924,0.00599973,3.0895247,-0.00020853011,0.00020101859,-0.3424781,1.6125346,0.0
23708000,0.007618442,-0.0015445419,0.0024526508,0.0022828362,-0.008142264,-0.02091566,-0.007394597,0.00407458,2.8663619,-0.00026210866,0.00014442744,-0.3538562,1.6128038,0.0
23804000,0.007789178,-0.0014777239,0.0043284963,0.0018251803,-0.008120429,-0.069124475,-0.01003162,0.004255856,2.6511395,-0.00038459507,0.0001631622,-0.3648295,1.6128467,0.0
23908000,0.007986172,-0.0014006166,0.0001348736,0.0014935937,-0.010526352,-0.1230478,-0.010989956,-0.0013411574,2.4116545,-0.00042857695,-5.230132e-05,-0.37703985,1.612756,0.0
24004000,0.008179119,-0.0013250828,-7.7908844e-05,0.0010484008,-0.011846626,-0.17105651,-0.0108777825,-0.0024828033,2.1885185,-0.0004336324,-9.8974575e-05,-0.38841662,1.6126915,0.0
24108000,0.008400176,-0.0012385334,-0.0013431456,0.0004257752,-0.012495029,-0.22569291,-0.01706864,-0.0018674275,1.9176104,-0.000703934,-7.7015255e-05,-0.40222907,1.612833,0.0
24204000,0.008615334,-0.0011542838,0.0019103107,-2.2771768e-05,-0.012451574,-0.27214777,-0.014722636,0.0012895596,1.6750802,-0.00063772674,5.585865e-05,-0.41459468,1.6129066,0.0
24308000,0.008860453,-0.0010582922,-0.0062468923,0.0017433125,-0.011831998,-0.3276649,-0.012602607,0.003044994,1.389914,-0.00055779354,0.00013477198,-0.4291341,1.6125956,0.0
24404000,0.009097822,-0.0009653267,-0.0067099123,0.0027597682,-0.010867791,-0.3741298,-0.014890194,0.009768282,1.1321943,-0.0006756207,0.00044322142,-0.44227415,1.6122917,0.0
24508000,0.009367002,-0.000859893,-0.0113486545,0.0033188984,-0.009452275,-0.43036494,-0.012768079,0.0151017755,0.8152921,-0.0005958794,0.0007047918,-0.45843166,1.6120399,0.0
24612000,0.00962658,-0.00075821177,-0.00773614,0.0036511011,-0.007885221,-0.47523224,-0.010422562,0.01693999,0.5274408,-0.00049912074,0.0008112305,-0.473108,1.6118629,0.0
24708000,0.009919821,-0.000643336,-0.015389563,0.004858194,-0.006851014,-0.5326212,-0.006251921,0.021098733,0.1958363,-0.00031150985,0.001051271,-0.49001512,1.6116277,0.0
24812000,0.0102014635,-0.0005329974,-0.012604467,0.0055833105,-0.005373869,-0.5774805,-0.0077653877,0.025246829,-0.11079192,-0.00039756525,0.0012925642,-0.5056488,1.6115664,0.0
24908000,0.010509202,-0.000412429,-0.017366055,0.0058153486,-0.003724256,-0.63502127,-0.00796446,0.033265334,-0.46772075,-0.00042323628,0.0017677401,-0.5238471,1.6114708,0.0
25012000,0.010792306,-0.00030150337,-0.011380366,0.0059445323,-0.0022695172,-0.6782494,-0.00610085,0.037238292,-0.7902231,-0.0003358492,0.0020499523,-0.5402902,1.6115459,0.0
25108000,0.011096566,-0.00018227757,-0.0195835,0.006893865,-0.003331027,-0.7369921,-0.0033433167,0.030658562,-1.1705592,-0.00019085153,0.0017501282,-0.5596819,1.6114172,0.0
25212000,0.011374103,-7.351444e-05,-0.014358699,0.0074527273,-0.0035471409,-0.78012645,-0.00088770944,0.03478443,-1.5103381,-5.232808e-05,0.0020504484,-0.5770058,1.6113437,0.0
25308000,0.011670134,4.2507392e-05,-0.020011747,0.007712586,-0.003049499,-0.8392456,0.0018453272,0.038363896,-2.4131303,0.000117385374,0.002440413,-0.62303543,1.6114476,0.0
25412000,0.011938082,0.00014753302,-0.012038024,0.007913658,-0.0025025657,-0.8808254,0.0036003888,0.04172603,-2.767188,0.00023537074,0.0027277854,-0.6410873,1.6115303,0.0
25508000,0.012221092,0.00025847307,-0.02167924,0.0087510375,-0.004079886,-0.94104236,0.0041873,0.032204863,-3.1910253,0.00028142642,0.0021644735,-0.662697,1.6115685,0.0
25604000,0.012474361,0.00035776413,-0.014962764,0.009226974,-0.0046863607,-0.98246735,0.008510418,0.03611623,-3.5539582,0.00058846467,0.0024973073,-0.68120146,1.611549,0.0
25708000,0.0127387615,0.00046143308,-0.022390652,0.009658642,-0.0044597546,-1.0430739,0.02428854,0.040935285,-3.962729,0.0017360512,0.0029258966,-0.70204294,1.6115723,0.0
25812000,0.012972283,0.0005530072,-0.015251559,0.010465607,-0.0037012338,-1.0821347,0.047927164,0.04601196,-4.2035036,0.003490962,0.0033514602,-0.71431905,1.6117038,0.0
25908000,0.013212107,0.00064706587,-0.034667123,0.012089636,-0.0033262288,-1.1439946,0.09077394,0.06531482,-4.484892,0.0067425002,0.00485145,-0.7286658,1.6137766,0.0
26012000,0.013419591,0.0007284544,-0.038006183,0.016211605,-0.00068446354,-1.182258,0.22175398,0.18322268,-4.6549573,0.016673183,0.013776101,-0.73733675,1.6161838,0.0
26108000,0.013626938,0.00080980477,-0.06505317,0.02382672,0.0058045373,-1.2447042,0.32052067,0.29289427,-4.839763,0.024407195,0.022303483,-0.74675924,1.6168535,0.0
26212000,0.013799779,0.00087763346,-0.077756494,0.035180878,0.016549861,-1.2793735,0.37759325,0.3647498,-4.8406568,0.028754981,0.027776908,-0.74680483,1.6166856,0.0
26308000,0.0139642535,0.0009421993,-0.12544034,0.044759683,0.025964905,-1.3430593,0.3860964,0.3761389,-4.930964,0.02958395,0.028820973,-0.7514092,1.6166198,0.0
26404000,0.014091864,0.0009923177,-0.15696017,0.055608507,0.037141416,-1.379373,0.39178964,0.37406996,-4.911292,0.02997907,0.028623192,-0.7504062,1.616602,0.0
26508000,0.014198058,0.0010340641,-0.22089587,0.06767093,0.04983803,-1.4348785,0.3987124,0.3811575,-4.752709,0.030180743,0.028851911,-0.7423207,1.616421,0.0
26604000,0.014262975,0.0010596403,-0.2660747,0.0788368,0.06105384,-1.4339662,0.41039097,0.38790414,-4.3166046,0.030134464,0.028483285,-0.72008556,1.616003,0.0
26708000,0.014310006,0.0010782472,-0.3453477,0.09303822,0.06831381,-1.4184787,0.4313829,0.3886033,-4.037036,0.031049056,0.027969971,-0.7058315,1.6156828,0.0
26804000,0.014355444,0.0010961691,-0.39589018,0.10502589,0.075654395,-1.3751264,0.43674222,0.38876012,-4.2021117,0.03180949,0.028314782,-0.71424806,1.6155047,0.0
26908000,0.014403207,0.0011149814,-0.46929252,0.116474465,0.08372084,-1.3587021,0.43007243,0.38780862,-4.3885875,0.03173999,0.028620858,-0.7237557,1.615333,0.0
27004000,0.014444961,0.0011314199,-0.5177495,0.12558211,0.09069141,-1.326913,0.42256817,0.37977993,-4.3395934,0.031078555,0.02793161,-0.7212577,1.6152354,0.0
27108000,0.014487668,0.0011482292,-0.59754497,0.13536197,0.09549124,-1.3127158,0.41268554,0.36323023,-4.3820553,0.030443313,0.026795054,-0.72342265,1.6152273,0.0
27204000,0.01452484,0.001162856,-0.6520612,0.14214757,0.099451795,-1.2802987,0.40637842,0.34890822,-4.2981153,0.02980077,0.025586335,-0.7191429,1.6150862,0.0
27308000,0.014562748,0.0011777689,-0.7297919,0.14741893,0.10314009,-1.2638932,0.39327154,0.34616083,-4.361788,0.02896863,0.02549843,-0.7223893,1.614976,0.0
27404000,0.014595623,0.0011906977,-0.7836065,0.1504298,0.10568404,-1.2308141,0.3788013,0.33135298,-4.288176,0.02775897,0.02428191,-0.71863616,1.6149826,0.0
27508000,0.01462903,0.0012038309,-0.86534005,0.1513031,0.104321755,-1.2129476,0.35761157,0.31324303,-4.3277197,0.026280042,0.023019504,-0.7206523,1.6150101,0.0
27612000,0.014657873,0.0012151658,-0.9223722,0.15052488,0.103010274,-1.1734107,0.33672714,0.2959483,-4.2463365,0.024602607,0.021623148,-0.7165029,1.6151265,0.0
27708000,0.0146869775,0.001226598,-1.0003527,0.14854543,0.101693615,-1.1591084,0.3207533,0.28642493,-4.320248,0.02355927,0.021037856,-0.72027135,1.6151961,0.0
27812000,0.014712199,0.0012366942,-1.055786,0.14513244,0.09973277,-1.1187402,0.30181536,0.27372468,-4.2297688,0.022025203,0.019975264,-0.7156582,1.6150783,0.0
27908000,0.01473885,0.0012472704,-1.1371162,0.14070754,0.09592515,-1.1033438,0.28261277,0.25783873,-4.271604,0.020685557,0.018872248,-0.7177912,1.6148695,0.0
28012000,0.014762388,0.0012565512,-1.194768,0.13511325,0.092094645,-1.062194,0.2666827,0.247389,-4.1890144,0.019405149,0.018001243,-0.7135803,1.6148682,0.0
28108000,0.01478651,0.0012660422,-1.2711598,0.1294071,0.08868681,-1.0446498,0.25355697,0.2331663,-4.257359,0.01854058,0.017049575,-0.7170649,1.6149614,0.0
28212000,0.014807455,0.0012742771,-1.325318,0.12296637,0.08527618,-1.0025382,0.23814127,0.22772121,-4.1728506,0.017308308,0.01655097,-0.71275616,1.614786,0.0
28308000,0.014828677,0.0012826185,-1.4062439,0.117310435,0.08313663,-0.98404396,0.22679937,0.23203667,-4.206195,0.016522776,0.016904322,-0.71445626,1.6147772,0.0
28404000,0.014846894,0.0012897761,-1.4637322,0.11126418,0.08096835,-0.9462332,0.21713896,0.23215102,-4.126975,0.015731204,0.016818793,-0.71041715,1.6147962,0.0
28508000,0.014865128,0.001296937,-1.5377197,0.10448124,0.07860686,-0.9195432,0.20940413,0.22626317,-4.1819086,0.015229254,0.016455356,-0.713218,1.6148356,0.0
28612000,0.014880579,0.0013030022,-1.5903615,0.09715849,0.07596033,-0.87594676,0.19826502,0.220419,-4.108624,0.014344441,0.015947279,-0.70948154,1.6147225,0.0
28708000,0.014896724,0.0013093442,-1.6662372,0.088455305,0.07280403,-0.8537658,0.18152045,0.21947598,-4.13848,0.013161296,0.015913296,-0.7110038,1.6154275,0.0
28804000,0.014911136,0.0013150085,-1.7197824,0.080253884,0.06983183,-0.8147126,0.16953626,0.21577781,-4.0742106,0.01223461,0.015571638,-0.70772696,1.615677,0.0
28908000,0.014925944,0.0013208302,-1.791108,0.071900174,0.066691674,-0.78806895,0.16390412,0.20788191,-3.9900482,0.011757456,0.014912146,-0.70343584,1.6150345,0.0
29004000,0.014938795,0.0013258845,-1.8589116,0.06458253,0.06369513,-0.7422995,0.15840681,0.20595852,-3.6184282,0.011057757,0.014377155,-0.6844885,1.6158129,0.0
29108000,0.014951829,0.0013310114,-1.9246686,0.055193197,0.058983367,-0.64498496,0.1456886,0.1955223,-3.1793184,0.009835683,0.013200041,-0.66210014,1.617187,0.0
29212000,0.014963022,0.0013354154,-1.9749297,0.046882637,0.054869555,-0.5253413,0.13467023,0.2020979,-3.201376,0.009107565,0.013667605,-0.66322476,1.6185817,0.0
29308000,0.014974159,0.0013397963,-2.0174232,0.039994255,0.05163841,-0.4264429,0.13058878,0.19623503,-3.599824,0.009102871,0.013678832,-0.6835399,1.6191812,0.0
29404000,0.01498341,0.0013434347,-2.048058,0.03398714,0.048599884,-0.36188322,0.13654117,0.19558117,-3.9263463,0.009748359,0.013963521,-0.7001879,1.6191798,0.0
29508000,0.014992196,0.00134689,-2.0748491,0.029436572,0.043519504,-0.31590676,0.13645735,0.17333664,-4.1717677,0.00991781,0.01259822,-0.71270096,1.6192327,0.0
29612000,0.014999101,0.0013496056,-2.0961318,0.025459377,0.038865294,-0.29559058,0.13509603,0.16752149,-4.3084173,0.009914877,0.012294624,-0.71966815,1.6191645,0.0
29708000,0.015005416,0.0013520883,-2.117472,0.022184208,0.03501263,-0.28859413,0.13422784,0.16554356,-0.26198125,0.00983768,0.012132837,-0.71870023,1.6191314,-0.0008127372
29804000,0.015011073,0.0013543123,-2.136228,0.019125946,0.03157964,-0.28072822,0.13325515,0.16995788,-0.18774843,0.009696265,0.012366927,-0.7134015,1.6191314,-0.0007714966
29908000,0.015016884,0.0013565967,-2.1556256,0.014420347,0.02748578,-0.26490033,0.12553538,0.16533265,-0.12599343,0.00907383,0.011950417,-0.70899343,1.6191314,-0.00031386377
30004000,0.015021956,0.0013585907,-2.1727142,0.010574351,0.02429162,-0.2522827,0.123911746,0.1629915,-0.11264382,0.008947204,0.011769005,-0.70804054,1.6191314,-0.00029793743
30108000,0.015027262,0.001360678,-2.190372,0.0069095804,0.021351704,-0.24039285,0.120474495,0.15838514,-0.11840705,0.008703192,0.011441893,-0.7084519,1.6191314,-0.000121208264
30204000,0.015031944,0.0013625183,-2.2059093,0.003925416,0.018817736,-0.23016845,0.11612855,0.1581157,-0.115736835,0.008385815,0.011417769,-0.7082613,1.6191314,-0.000115057825
30308000,0.015036766,0.0013644145,-2.2219632,0.00075330556,0.013451837,-0.21227321,0.11861041,0.13776378,-0.0878373,0.008542472,0.009921921,-0.7062698,1.6191314,-4.680834e-05
30404000,0.015040987,0.001366074,-2.2360966,-0.0016601294,0.009080851,-0.19914025,0.11696241,0.1360469,-0.08294605,0.0084193675,0.009793136,-0.7059207,1.6191314,-4.4433156e-05
30508000,0.015045334,0.0013677834,-2.2507188,-0.0038109014,0.005126211,-0.18780842,0.11428196,0.13460362,-0.10675913,0.008246371,0.009712744,-0.70762044,1.6191314,-1.8076498e-05
30604000,0.015049202,0.0013693046,-2.2635758,-0.0052753906,0.0024668784,-0.17853412,0.11829208,0.13895746,-0.11073981,0.008538936,0.010030671,-0.70790464,1.6191314,-1.7159246e-05
30708000,0.015053184,0.00137087,-2.2768183,-0.004961472,0.0025598316,-0.16190343,0.13284592,0.15540016,-0.08190972,0.009562234,0.011185684,-0.7058467,1.6191314,-6.980803e-06
30804000,0.015056662,0.0013722383,-2.2884402,-0.0043108277,0.0031086653,-0.14991444,0.14491954,0.16347809,-0.07383633,0.010421647,0.011756253,-0.7052704,1.6191314,-6.626577e-06
30908000,0.015060232,0.0013736422,-2.3004096,-0.0033416739,0.0040229186,-0.13966924,0.14499381,0.16700758,-0.09642062,0.010451395,0.0120381825,-0.7068825,1.6191314,-2.6958544e-06
31012000,0.015063392,0.0013748844,-2.3109138,-0.0020866566,0.005156791,-0.12939125,0.14825238,0.17300588,-0.087989315,0.010677128,0.012459874,-0.70628065,1.6191314,-2.5590593e-06
31108000,0.015066628,0.0013761565,-2.3216999,0.00029419162,0.006431688,-0.1129099,0.16019984,0.17614113,-0.059847243,0.011505268,0.012650143,-0.7042719,1.6191314,-1.0410882e-06
31204000,0.01506945,0.001377266,-2.3311603,0.0025101854,0.007805502,-0.100602165,0.16112155,0.1855849,-0.05018184,0.011559546,0.01331465,-0.703582,1.6191314,-9.882606e-07
31308000,0.015072362,0.0013784112,-2.340894,0.0045623863,0.009411161,-0.09136272,0.16203025,0.18743047,-0.08192018,0.011661538,0.013489625,-0.70584744,1.6191314,-4.0204864e-07
31404000,0.015074922,0.0013794184,-2.3494291,0.0061846045,0.010915373,-0.08504791,0.16680965,0.19089223,-0.08458173,0.012008701,0.013742419,-0.70603746,1.6191314,-3.8164757e-07
31508000,0.015077543,0.0013804487,-2.3582075,0.008710983,0.013214015,-0.07423961,0.16909622,0.19600685,-0.083638504,0.012172855,0.01411009,-0.7059701,1.6191314,-1.5526359e-07
31604000,0.015079852,0.0013813567,-2.3659024,0.010614155,0.01510411,-0.06759067,0.17161433,0.19742478,-0.07587466,0.012345091,0.014201769,-0.7054159,1.6191314,-1.473851e-07
31708000,0.015082222,0.0013822891,-2.3738186,0.012190062,0.0168701,-0.06302101,0.17157803,0.20080005,-0.108955055,0.012382736,0.014491683,-0.7077772,1.6191314,-5.995988e-08
31812000,0.015084299,0.0013831056,-2.3807635,0.013522984,0.017833028,-0.05918114,0.1697694,0.19390337,-0.09939495,0.012240348,0.0139804045,-0.7070948,1.6191314,-5.6917354e-08
31908000,0.015086446,0.0013839495,-2.387915,0.015386325,0.016281396,-0.05151833,0.17467983,0.18486565,-0.09891163,0.012594772,0.013329189,-0.70706034,1.6191314,-2.3155376e-08
32004000,0.015088322,0.0013846868,-2.3941953,0.0167957,0.014942063,-0.04621867,0.17595707,0.18327475,-0.07975343,0.012663465,0.013190111,-0.7056928,1.6191314,-2.1980409e-08
32108000,0.015090266,0.001385451,-2.4006646,0.017886825,0.013747041,-0.042801857,0.1772215,0.1831584,-0.1191166,0.01280275,0.013231641,-0.70850253,1.6191314,-8.942169e-09
32204000,0.015091972,0.0013861225,-2.4063456,0.018228913,0.012887081,-0.0403095,0.1667409,0.17579713,-0.10175866,0.012024925,0.012678038,-0.7072635,1.6191314,-8.488418e-09
32308000,0.015093734,0.001386815,-2.4122026,0.015664516,0.012071243,-0.030451298,0.14858837,0.17730519,-0.092234254,0.010707121,0.012776423,-0.7065837,1.6191314,-3.4532965e-09
32404000,0.0150952805,0.0013874234,-2.4173517,0.013193416,0.011502562,-0.02471108,0.13941973,0.18104574,-0.070529155,0.010023685,0.013016419,-0.7050344,1.6191314,-3.2780667e-09
32508000,0.015096876,0.0013880511,-2.4226618,0.010522401,0.011100279,-0.021292929,0.13322482,0.17749481,-0.10349448,0.009609359,0.012802505,-0.70738745,1.6191314,-1.333598e-09
32604000,0.015098278,0.0013886024,-2.4273295,0.008504248,0.011032951,-0.019305382,0.13682076,0.17879678,-0.09700624,0.009863327,0.012889354,-0.7069243,1.6191314,-1.2659275e-09
32708000,0.015099723,0.0013891703,-2.4321327,0.010295389,0.013477306,-0.009893417,0.14961669,0.19149719,-0.08037068,0.010767282,0.013781245,-0.7057369,1.6191314,-5.150104e-10
32804000,0.015100988,0.001389668,-2.4363449,0.011440562,0.015349964,-0.0047273114,0.1516932,0.1953604,-0.07312435,0.0109089585,0.014049269,-0.7052196,1.6191314,-4.888774e-10
32908000,0.015102289,0.0013901797,-2.4406776,0.012134732,0.017000334,-0.0022509098,0.15015246,0.19891925,-0.10095349,0.010827817,0.014344494,-0.7072061,1.6191314,-1.9888731e-10
33004000,0.01510343,0.0013906291,-2.4444792,0.012421102,0.01829136,-0.00093864277,0.14863095,0.1984014,-0.09776063,0.010715185,0.014303263,-0.70697814,1.6191314,-1.887952e-10
33108000,0.015104604,0.0013910914,-2.4483914,0.013764974,0.019802555,0.0049147606,0.15397291,0.20608611,-0.08758025,0.011088184,0.014841057,-0.7062515,1.6191314,-7.6806526e-11
33212000,0.015105635,0.0013914969,-2.4518232,0.014430089,0.021063909,0.008244481,0.1565344,0.20622386,-0.08471529,0.011270112,0.014847638,-0.706047,1.6191314,-7.2909144e-11
33308000,0.015106696,0.0013919144,-2.4553566,0.014542404,0.021907154,0.008887291,0.14996469,0.20375766,-0.10148053,0.010814994,0.014694377,-0.7072437,1.6191314,-2.966123e-11
33404000,0.015107626,0.0013922808,-2.4584596,0.01475798,0.02247049,0.008817021,0.15153907,0.20039718,-0.10796356,0.010935666,0.014461462,-0.70770645,1.6191314,-2.8156135e-11
33508000,0.015108584,0.0013926576,-2.4616516,0.020880783,0.023312056,0.015447855,0.1781357,0.2024315,-0.075660676,0.012812725,0.014560243,-0.70540065,1.6191314,-1.1454608e-11
33604000,0.015109424,0.001392988,-2.4644485,0.025092486,0.023784624,0.01871705,0.18257733,0.20603622,-0.07685597,0.013134937,0.0148226125,-0.705486,1.6191314,-1.0873369e-11
33708000,0.015110286,0.0013933276,-2.4673254,0.028211815,0.024047976,0.019425392,0.18147849,0.20568116,-0.09604332,0.013081821,0.014826464,-0.7068556,1.6191314,-4.423553e-12
33804000,0.015111043,0.0013936255,-2.4698503,0.030098846,0.024191404,0.01956916,0.18083479,0.20193778,-0.10305211,0.013043917,0.014566112,-0.70735586,1.6191314,-4.1990894e-12
33908000,0.015111824,0.0013939323,-2.4724479,0.033297364,0.025178285,0.030457973,0.18451962,0.20926744,-0.047630507,0.013235372,0.015010505,-0.70339984,1.6191314,-1.7082928e-12
34004000,0.015112508,0.0013942015,-2.4747267,0.034889657,0.025757829,0.036378145,0.18228376,0.20920599,-0.046674564,0.0130744055,0.015005418,-0.70333165,1.6191314,-1.6216092e-12
34108000,0.015113214,0.001394479,-2.4770734,0.035401992,0.02606686,0.03885317,0.17699525,0.20981444,-0.06247401,0.01271384,0.015071293,-0.70445937,1.6191314,-6.5971057e-13
34204000,0.015113833,0.0013947225,-2.4791358,0.035189368,0.02613024,0.039337873,0.17335545,0.21120396,-0.07776688,0.012472765,0.015195931,-0.70555097,1.6191314,-6.26235e-13
34308000,0.01511447,0.0013949733,-2.4812603,0.03688227,0.026098834,0.045743704,0.17656802,0.20776439,-0.052924257,0.012671601,0.014910443,-0.70377773,1.6191314,-2.5476775e-13
34412000,0.01511503,0.0013951933,-2.4831254,0.03722153,0.025782853,0.04822731,0.1746593,0.21073753,-0.061785076,0.012544924,0.0151362475,-0.7044102,1.6191314,-2.4184016e-13
34508000,0.015115607,0.00139542,-2.485048,0.03662097,0.025345676,0.047514677,0.17382191,0.20691986,-0.082321435,0.01251206,0.014894517,-0.7058761,1.6191314,-9.838651e-14
34604000,0.015116116,0.0013956195,-2.486739,0.035880998,0.024731698,0.045642138,0.1682591,0.21078365,-0.09774938,0.012129751,0.015195334,-0.70697737,1.6191314,-9.339411e-14
34708000,0.015116641,0.001395825,-2.48848,0.039877374,0.02326346,0.04955244,0.18413006,0.20417789,-0.07084117,0.013238388,0.014679766,-0.70505667,1.6191314,-3.7995018e-14
34812000,0.015117102,0.0013960056,-2.4900076,0.0421091,0.02195556,0.05049205,0.19040976,0.20479372,-0.0719113,0.013691504,0.0147257885,-0.705133,1.6191314,-3.6067046e-14
34908000,0.015117578,0.0013961915,-2.4915814,0.042946134,0.020862319,0.04920554,0.19123396,0.20310107,-0.08973797,0.013775326,0.01463016,-0.7064055,1.6191314,-1.467296e-14
35004000,0.015117994,0.001396355,-2.4929647,0.043083653,0.019791832,0.04705739,0.18671556,0.20141628,-0.10145284,0.013464908,0.014525045,-0.7072417,1.6191314,-1.39284124e-14
35108000,0.015118423,0.0013965233,-2.4943902,0.045017976,0.017971726,0.047183752,0.18629764,0.19997638,-0.09803467,0.013431095,0.014417262,-0.7069977,1.6191314,-5.6664204e-15
35212000,0.015118801,0.0013966708,-2.4956417,0.04534186,0.016533226,0.045452356,0.1878991,0.20226203,-0.09980788,0.013548656,0.01458431,-0.7071243,1.6191314,-5.37889e-15
35308000,0.015119189,0.0013968232,-2.496932,0.04461306,0.015542114,0.04226923,0.18255505,0.20348375,-0.11606796,0.0131842075,0.014695686,-0.7082849,1.6191314,-2.1882647e-15
35404000,0.015119533,0.0013969573,-2.498067,0.043498896,0.0146506475,0.038916588,0.182198,0.19791019,-0.11796427,0.013161186,0.014296166,-0.7084203,1.6191314,-2.077226e-15
35508000,0.015119884,0.0013970955,-2.4992356,0.045593947,0.012592993,0.039992094,0.18821561,0.19522652,-0.09671535,0.01356753,0.014072913,-0.7069035,1.6191314,-8.450665e-16
35612000,0.0151201915,0.0013972169,-2.500262,0.046060473,0.010984988,0.03939128,0.18711556,0.19533339,-0.09639054,0.013487089,0.014079423,-0.70688033,1.6191314,-8.0218546e-16
35708000,0.01512051,0.0013973423,-2.501321,0.045392573,0.00990852,0.036911726,0.18345608,0.19775425,-0.104930714,0.013234974,0.014266477,-0.70748997,1.6191314,-3.263487e-16
35804000,0.015120791,0.0013974522,-2.5022523,0.04392325,0.008667126,0.034653187,0.17617467,0.1922498,-0.10591353,0.012711142,0.013870976,-0.7075601,1.6191314,-3.097889e-16
35908000,0.01512108,0.0013975656,-2.503213,0.04239901,0.002995484,0.038953543,0.17224957,0.18085316,-0.075828925,0.012389869,0.013008722,-0.7054127,1.6191314,-1.2602973e-16
36004000,0.015121335,0.0013976654,-2.5040576,0.040199284,-0.0009608866,0.040697098,0.16771832,0.17365547,-0.073889695,0.012062262,0.012489259,-0.7052742,1.6191314,-1.1963463e-16
36108000,0.015121597,0.0013977683,-2.5049295,0.037152525,-0.004163116,0.04029584,0.15805401,0.17276147,-0.087329805,0.011383126,0.012442363,-0.7062336,1.6191314,-4.8670308e-17
36204000,0.015121828,0.0013978588,-2.505696,0.03441466,-0.0062452517,0.03869605,0.15929797,0.17752191,-0.09923707,0.011485651,0.012799628,-0.7070835,1.6191314,-4.6200635e-17
36308000,0.015122065,0.0013979522,-2.506486,0.036081396,-0.008758784,0.041888237,0.17221205,0.178257,-0.08196523,0.012395283,0.01283038,-0.70585066,1.6191314,-1.8795554e-17
36404000,0.015122274,0.0013980343,-2.5071797,0.036463127,-0.010138418,0.042014122,0.17658013,0.17724657,-0.08736644,0.012717252,0.012765249,-0.70623624,1.6191314,-1.7841814e-17
36508000,0.015122488,0.001398119,-2.5078945,0.035930037,-0.010827318,0.04024768,0.17471169,0.18075453,-0.098245375,0.0125950985,0.01303073,-0.7070128,1.6191314,-7.258489e-18
36612000,0.015122676,0.0013981933,-2.5085227,0.035186063,-0.011143853,0.0381155,0.17231807,0.18408497,-0.10594593,0.012432766,0.013281748,-0.70756245,1.6191314,-6.8901726e-18
36708000,0.01512287,0.0013982699,-2.5091693,0.036697786,-0.012236937,0.03858161,0.18204236,0.18609196,-0.0961435,0.013122505,0.01341442,-0.70686275,1.6191314,-2.8030916e-18
36812000,0.0151230395,0.0013983372,-2.509737,0.03710004,-0.0125343455,0.037258625,0.18206818,0.19075522,-0.10389429,0.013133595,0.01376024,-0.707416,1.6191314,-2.660855e-18
36908000,0.015123215,0.0013984061,-2.5103219,0.03656581,-0.012180389,0.034721136,0.18020278,0.18935363,-0.11583705,0.013013935,0.013674794,-0.70826846,1.6191314,-1.0825011e-18
37012000,0.015123368,0.001398467,-2.5108356,0.035770543,-0.011956875,0.03239441,0.1776091,0.19471154,-0.115830556,0.012828286,0.014063553,-0.708268,1.6191314,-1.0275718e-18
37108000,0.0151235275,0.0013985296,-2.511365,0.037018046,-0.014227031,0.033994436,0.17946279,0.18429086,-0.09580994,0.01293545,0.013283453,-0.7068389,1.6191314,-4.1804144e-19
37204000,0.015123666,0.0013985846,-2.51183,0.037135735,-0.015514825,0.033895493,0.1824633,0.18425591,-0.09338632,0.013147937,0.013277109,-0.70666593,1.6191314,-3.9682889e-19
37308000,0.01512381,0.0013986412,-2.5123098,0.036296874,-0.015976034,0.032414913,0.17838596,0.18400311,-0.101889215,0.012865518,0.013270636,-0.7072728,1.6191314,-1.6143973e-19
37404000,0.015123935,0.0013986911,-2.5127316,0.034873907,-0.016159667,0.030557156,0.17676137,0.18595798,-0.10959925,0.012758556,0.013422363,-0.7078232,1.6191314,-1.5324782e-19
37508000,0.015124066,0.0013987422,-2.5131655,0.033200588,-0.01944571,0.032298088,0.1678581,0.17772,-0.10025756,0.012103885,0.012815006,-0.70715636,1.6191314,-6.234498e-20
37612000,0.015124179,0.0013987871,-2.5135477,0.03085368,-0.021225303,0.031882524,0.16548167,0.1774357,-0.10247708,0.011936164,0.012798407,-0.7073148,1.6191314,-5.918141e-20
37708000,0.015124297,0.0013988335,-2.513941,0.0282796,-0.02184722,0.030329227,0.16111684,0.18039373,-0.11047617,0.011630705,0.013022264,-0.7078858,1.6191314,-2.407645e-20
37804000,0.0151244,0.0013988743,-2.514287,0.025601638,-0.022293102,0.028461695,0.15458448,0.17873356,-0.11537345,0.0111643225,0.012908404,-0.7082354,1.6191314,-2.2854743e-20
37908000,0.015124507,0.0013989162,-2.5146427,0.024290659,-0.0288132,0.030724287,0.1574285,0.16032936,-0.092795275,0.011343256,0.011552271,-0.70662373,1.6191314,-9.297871e-21
38004000,0.0151246,0.0013989531,-2.5149548,0.022673696,-0.03274365,0.031053782,0.15921812,0.15291809,-0.09754037,0.011477629,0.011023476,-0.7069624,1.6191314,-8.826071e-21
38108000,0.015124697,0.001398991,-2.5152764,0.020614212,-0.035247393,0.029655457,0.15492105,0.15457603,-0.11222872,0.0111833755,0.011158468,-0.7080109,1.6191314,-3.590662e-21
38204000,0.015124783,0.0013990243,-2.515559,0.018994257,-0.036542404,0.02827692,0.15396437,0.15911086,-0.11413039,0.011116179,0.011487753,-0.70814663,1.6191314,-3.408462e-21
38308000,0.015124869,0.0013990587,-2.515849,0.022119507,-0.040531643,0.031933308,0.17061327,0.1482519,-0.09139101,0.012292704,0.010681566,-0.7065235,1.6191314,-1.386646e-21
38404000,0.015124945,0.0013990888,-2.5161035,0.023727702,-0.042378467,0.033282995,0.17547272,0.15526119,-0.0922826,0.012642603,0.0111863855,-0.70658714,1.6191314,-1.3162837e-21
38508000,0.015125024,0.0013991197,-2.5163655,0.024385326,-0.04274952,0.032940865,0.17142335,0.1555772,-0.10368385,0.012366207,0.011223092,-0.707401,1.6191314,-5.3549655e-22
38604000,0.015125093,0.0013991469,-2.516596,0.024286844,-0.04222541,0.03159976,0.1682745,0.16614553,-0.11248645,0.012148439,0.01199474,-0.70802927,1.6191314,-5.0832394e-22
38708000,0.015125164,0.0013991749,-2.5168333,0.025352253,-0.04437448,0.0329504,0.17138466,0.16094568,-0.10074663,0.012359814,0.011606982,-0.7071913,1.6191314,-2.0679865e-22
38804000,0.015125226,0.0013991995,-2.517042,0.025352998,-0.0447418,0.03239584,0.1701222,0.16121088,-0.112364314,0.012282041,0.011638682,-0.70802057,1.6191314,-1.9630511e-22
38908000,0.0151252905,0.001399225,-2.5172572,0.024526428,-0.043783944,0.030805826,0.16565724,0.16868801,-0.12222826,0.011972434,0.012191473,-0.7087247,1.6191314,-7.986174e-23
39012000,0.015125348,0.0013992471,-2.5174463,0.023142127,-0.042652864,0.029395819,0.15913466,0.17109856,-0.12632513,0.011504874,0.012369822,-0.7090171,1.6191314,-7.5809325e-23
39108000,0.015125405,0.0013992703,-2.5176413,0.021833057,-0.044838984,0.032304525,0.15484811,0.16278927,-0.10468645,0.011170674,0.011743545,-0.7074725,1.6191314,-3.0841098e-23
39204000,0.015125456,0.0013992904,-2.5178125,0.019997427,-0.045401487,0.03341818,0.15177235,0.16280688,-0.10466913,0.01094838,0.011744378,-0.7074713,1.6191314,-2.9276133e-23
39308000,0.015125508,0.0013993102,-2.5179887,0.01767875,-0.044655994,0.032746315,0.14770824,0.1700483,-0.11206632,0.010664386,0.012277316,-0.7079993,1.6191314,-1.19102496e-23
39404000,0.015125551,0.001399327,-2.5181477,0.015566768,-0.043297194,0.03138709,0.14685623,0.17521754,-0.11917423,0.010610829,0.012660024,-0.70850664,1.6191314,-1.1305889e-23
39508000,0.015125597,0.0013993451,-2.5183115,0.016173787,-0.045542024,0.03609824,0.15611683,0.16985546,-0.089617364,0.011244796,0.012234364,-0.7063969,1.6191314,-4.5995135e-24
39612000,0.01512564,0.0013993619,-2.5184553,0.016024843,-0.04587697,0.038110256,0.15613805,0.16057879,-0.09849013,0.011255832,0.01157596,-0.70703024,1.6191314,-4.3661215e-24
39708000,0.015125685,0.0013993795,-2.5186028,0.015370483,-0.04502712,0.03814149,0.15597507,0.16702832,-0.10567538,0.01125387,0.01205138,-0.70754313,1.6191314,-1.7762454e-24
39812000,0.015125725,0.0013993952,-2.5187328,0.014406173,-0.043784868,0.037611008,0.15112449,0.17059302,-0.11519298,0.010915489,0.0123216715,-0.70822245,1.6191314,-1.6861137e-24
39908000,0.0151257645,0.001399411,-2.5188668,0.014073026,-0.045086183,0.041540623,0.15458441,0.16340344,-0.0968447,0.011143651,0.011779396,-0.70691276,1.6191314,-6.859524e-25
40004000,0.0151258,0.001399425,-2.5189846,0.0132969525,-0.044916116,0.042898417,0.1528068,0.16900112,-0.09952972,0.011017815,0.012185472,-0.70710444,1.6191314,-6.5114527e-25
40108000,0.015125835,0.0013994394,-2.5191052,0.012016553,-0.043382294,0.04226947,0.14768839,0.17520276,-0.11154338,0.010662852,0.012649342,-0.707962,1.6191314,-2.6490188e-25
40204000,0.015125867,0.001399452,-2.5192113,0.010783345,-0.041388802,0.04102063,0.14887255,0.18129759,-0.119752556,0.010756108,0.013098831,-0.70854795,1.6191314,-2.5146001e-25
40308000,0.0151259,0.001399465,-2.5193205,0.011721653,-0.042376906,0.04437399,0.15190133,0.1721622,-0.100365244,0.0109547125,0.012415872,-0.70716405,1.6191314,-1.0230011e-25
40412000,0.015125928,0.0013994767,-2.519416,0.011800837,-0.041803744,0.044679403,0.14867964,0.17275329,-0.107816346,0.010730015,0.012467379,-0.70769596,1.6191314,-9.7109116e-26
40508000,0.015125957,0.0013994885,-2.5195148,0.011308268,-0.040181424,0.042897224,0.14909354,0.18286413,-0.12352178,0.010776772,0.013217777,-0.708817,1.6191314,-3.9506376e-26
40612000,0.015125984,0.0013994987,-2.5196013,0.010726345,-0.038036644,0.04106307,0.1487355,0.18720618,-0.1319446,0.010759196,0.013542079,-0.70941824,1.6191314,-3.750171e-26
40708000,0.015126013,0.0013995094,-2.5196908,0.011802367,-0.03797519,0.04626584,0.1562334,0.18465762,-0.09402542,0.011259922,0.013308487,-0.70671153,1.6191314,-1.5256618e-26
40812000,0.015126038,0.0013995186,-2.519769,0.012162748,-0.03654292,0.048646927,0.15614155,0.19059409,-0.09110783,0.011249276,0.013731423,-0.7065033,1.6191314,-1.4482454e-26
40908000,0.015126063,0.0013995282,-2.5198493,0.011944017,-0.034169037,0.048643827,0.15235874,0.19817136,-0.105113454,0.010992258,0.014297512,-0.707503,1.6191314,-5.891818e-27
41004000,0.0151260765,0.0013995332,-2.5199206,0.011433393,-0.03159131,0.04784441,0.14970973,0.19888563,-0.116215155,0.010812254,0.014363809,-0.70829546,1.6191314,-5.5928505e-27
41108000,0.0151260765,0.0013995332,-2.5199924,0.012433505,-0.033655733,0.052838802,0.15784483,0.18659952,-0.09298447,0.011372729,0.013444506,-0.7066372,1.6191314,-2.2753089e-27
41212000,0.0151260765,0.0013995332,-2.5200553,0.012726237,-0.0340118,0.054456472,0.16188203,0.1863004,-0.10372049,0.011676537,0.013437832,-0.70740354,1.6191314,-2.1598534e-27
41308000,0.0151260765,0.0013995332,-2.5201209,0.012551688,-0.033144094,0.05348587,0.15857083,0.18985218,-0.116000645,0.011452997,0.013712335,-0.70828015,1.6191314,-8.786815e-28
41412000,0.0151260765,0.0013995332,-2.5201774,0.0123245185,-0.032149885,0.052503824,0.15997534,0.18675086,-0.121126875,0.011559087,0.013493764,-0.70864606,1.6191314,-8.340947e-28
41508000,0.0151260765,0.0013995332,-2.5202363,0.013576075,-0.034441624,0.056868553,0.15964869,0.17990774,-0.09525886,0.0115062455,0.012966359,-0.70679957,1.6191314,-3.3933022e-28
41612000,0.0151260765,0.0013995332,-2.5202882,0.014163176,-0.035118937,0.058661938,0.16698168,0.1801669,-0.09685864,0.012035716,0.012986081,-0.70691377,1.6191314,-3.2211166e-28
41708000,0.0151260765,0.0013995332,-2.5203414,0.01420712,-0.034457784,0.057706118,0.16600594,0.1800055,-0.11104108,0.011982948,0.01299349,-0.7079261,1.6191314,-1.3104293e-28
41812000,0.0151260765,0.0013995332,-2.5203874,0.014151443,-0.033557713,0.056827307,0.16364223,0.18347807,-0.11801698,0.01182166,0.013254618,-0.70842403,1.6191314,-1.2439346e-28
41908000,0.0151260765,0.0013995332,-2.5204349,0.015296287,-0.035461955,0.06264472,0.16753036,0.17323971,-0.085799046,0.012062147,0.012473219,-0.7061243,1.6191314,-5.0606307e-29
42004000,0.0151260765,0.0013995332,-2.5204775,0.015759496,-0.03599128,0.06513643,0.16769773,0.17057942,-0.08789473,0.0120777385,0.012285281,-0.7062739,1.6191314,-4.8038407e-29
42108000,0.0151260765,0.0013995332,-2.5205204,0.015679708,-0.035374064,0.0649817,0.16794205,0.17519176,-0.105608955,0.012116828,0.012639889,-0.70753837,1.6191314,-1.9543204e-29
42204000,0.0151260765,0.0013995332,-2.520559,0.015391556,-0.03417973,0.06374335,0.16251683,0.17428659,-0.117943764,0.011738583,0.012588712,-0.70841885,1.6191314,-1.8551528e-29
42308000,0.0151260765,0.0013995332,-2.5205984,0.016555652,-0.03521442,0.07073426,0.16765647,0.17523518,-0.076035835,0.012060168,0.012605333,-0.7054274,1.6191314,-7.547217e-30
42404000,0.0151260765,0.0013995332,-2.5206327,0.01690004,-0.03485045,0.07333374,0.16705099,0.1762246,-0.07881219,0.0120204035,0.012680506,-0.7056256,1.6191314,-7.164249e-30
42508000,0.0151260765,0.0013995332,-2.5206683,0.016682405,-0.03332545,0.07294488,0.16803166,0.1850902,-0.09786081,0.012113376,0.013343121,-0.7069853,1.6191314,-2.9145922e-30
42612000,0.0151260765,0.0013995332,-2.5206993,0.016597854,-0.031799044,0.07229853,0.1685556,0.18274845,-0.10780098,0.012164121,0.013188372,-0.7076948,1.6191314,-2.7666975e-30
42708000,0.0151260765,0.0013995332,-2.5207312,0.01851577,-0.0336754,0.0795331,0.17286961,0.17429264,-0.06854261,0.012425749,0.012528034,-0.7048926,1.6191314,-1.1255606e-30
42812000,0.0151260765,0.0013995332,-2.5207596,0.019637335,-0.03418854,0.082775116,0.17882349,0.17370114,-0.07065674,0.012855823,0.01248757,-0.7050435,1.6191314,-1.0684465e-30
42908000,0.0151260765,0.0013995332,-2.5207891,0.020015663,-0.0335175,0.0822463,0.17384605,0.17771189,-0.095163606,0.0125303315,0.012808969,-0.7067928,1.6191314,-4.346703e-31
43004000,0.0151260765,0.0013995332,-2.5208144,0.01985287,-0.032426916,0.08018446,0.17405348,0.1804141,-0.115122005,0.012568699,0.01302801,-0.7082174,1.6191314,-4.1261394e-31
43108000,0.0151260765,0.0013995332,-2.5208406,0.01963383,-0.034433924,0.08543086,0.16689287,0.17151715,-0.08494727,0.012016808,0.012349769,-0.7060635,1.6191314,-1.6786147e-31
43204000,0.0151260765,0.0013995332,-2.520864,0.018846037,-0.03488585,0.086458445,0.16253892,0.17006004,-0.09152037,0.011710358,0.012252228,-0.7065327,1.6191314,-1.593437e-31
43308000,0.0151260765,0.0013995332,-2.5208883,0.017621238,-0.034199446,0.084401846,0.16024673,0.17333311,-0.10940198,0.0115667,0.012511281,-0.7078091,1.6191314,-6.4824934e-32
43404000,0.0151260765,0.0013995332,-2.5209095,0.016321925,-0.03297524,0.0816288,0.15798995,0.17073138,-0.122161634,0.0114168115,0.012337542,-0.7087199,1.6191314,-6.1535536e-32
43508000,0.0151260765,0.0013995332,-2.5209315,0.016437374,-0.033090774,0.08715987,0.16342655,0.17054063,-0.08606131,0.011767233,0.012279469,-0.7061431,1.6191314,-2.5034165e-32
43604000,0.0151260765,0.0013995332,-2.5209508,0.016081909,-0.032198273,0.088349104,0.16237366,0.17722178,-0.08857192,0.011694877,0.012764306,-0.70632225,1.6191314,-2.3763863e-32
43708000,0.0151260765,0.0013995332,-2.5209703,0.015257947,-0.030376421,0.08637905,0.16214603,0.18116166,-0.10573174,0.011699179,0.013071195,-0.7075471,1.6191314,-9.6677225e-33
43804000,0.0151260765,0.0013995332,-2.5209875,0.014062883,-0.028223008,0.083215,0.16218938,0.18313994,-0.11845704,0.011716165,0.013229581,-0.70845544,1.6191314,-9.177156e-33
43908000,0.0151260765,0.0013995332,-2.5210044,0.010652244,-0.026717179,0.08896208,0.15438977,0.18617347,-0.082487814,0.011113994,0.0134019945,-0.705888,1.6191314,-3.733492e-33
44004000,0.0151260765,0.0013995332,-2.5210187,0.007875439,-0.024700748,0.09030938,0.1493665,0.19048093,-0.08687112,0.010755659,0.013716246,-0.70620084,1.6191314,-3.5440442e-33
44108000,0.0151260765,0.0013995332,-2.521034,0.0051547,-0.022006014,0.08813882,0.1430538,0.19826317,-0.11100603,0.010326454,0.014311788,-0.7079236,1.6191314,-1.4418043e-33
44204000,0.0151260765,0.0013995332,-2.521047,0.0028728873,-0.01937953,0.08554363,0.1421557,0.1998834,-0.11776187,0.010268721,0.014438723,-0.70840585,1.6191314,-1.368643e-33
44308000,0.0151260765,0.0013995332,-2.5210607,0.00064050086,-0.018654533,0.09399223,0.1381464,0.19682942,-0.065272674,0.0099268295,0.014143634,-0.70465916,1.6191314,-5.567975e-34
44404000,0.0151260765,0.0013995332,-2.5210726,-0.0012160756,-0.017402947,0.096912384,0.13890645,0.19674924,-0.07163686,0.009988273,0.014147542,-0.7051134,1.6191314,-5.285441e-34
44508000,0.015128877,0.0014272509,-2.5209107,-0.0028943745,-0.014699919,0.104191005,0.13809505,0.21513988,0.19293077,0.009662598,0.015053473,-0.68622696,1.6194036,0.00062002783
44604000,0.015143636,0.0015787602,-2.5183678,-0.0043081455,-0.011469212,0.14529237,0.1390844,0.22221792,0.5627052,0.009358628,0.014952467,-0.659834,1.6194036,0.0005885659
44708000,0.015173924,0.0018918248,-2.5088456,-0.0070741843,-0.0109454105,0.23830639,0.13987282,0.21970978,0.88756824,0.009080479,0.014263458,-0.63664526,1.6194036,0.00023944306
44804000,0.01521508,0.0023182805,-2.4900205,-0.00894083,-0.009250014,0.35486737,0.14033538,0.22600591,1.0850573,0.008908918,0.014347544,-0.62254846,1.6194036,0.00022729306
44908000,0.015273965,0.0029292037,-2.4546666,-0.010282835,-0.006286812,0.5066457,0.14657754,0.23554727,0.8602764,0.0095444815,0.015337797,-0.6385933,1.6194036,9.24684e-05
45004000,0.0153415175,0.0036306065,-2.4078612,-0.0110304905,-0.0031183138,0.6150199,0.14711885,0.2393049,0.21386188,0.0102724405,0.016709248,-0.6847345,1.6194036,8.7776294e-05
45108000,0.015428999,0.004539388,-2.345754,-0.013133599,-0.00354933,0.7030565,0.13687041,0.22149812,-0.1877439,0.009957381,0.016114082,-0.7134012,1.6194036,3.5709552e-05
45212000,0.015520348,0.0054898765,-2.281689,-0.014679636,-0.00394563,0.7370865,0.13143583,0.18689245,-0.50507987,0.009866483,0.0140294405,-0.73605263,1.6194036,3.389755e-05
45308000,0.015613867,0.0064606336,-2.2091901,-0.01578313,-0.0051124683,0.7470631,0.1295684,0.18654495,-0.63471055,0.009848359,0.014179087,-0.7453057,1.6194036,1.3790355e-05
45404000,0.015692446,0.007275936,-2.14199,-0.016487923,-0.005662879,0.7434172,0.12976302,0.19092548,-0.42504668,0.009664077,0.01421914,-0.73030573,1.6194036,1.3090595e-05
45508000,0.015771935,0.008100591,-2.06919,-0.016943617,-0.008275298,0.7501585,0.13008286,0.18514957,-0.26870388,0.009540411,0.013579059,-0.7191801,1.6194036,5.3255753e-06
45604000,0.015840486,0.008811829,-2.0019898,-0.017096458,-0.009572976,0.75426453,0.13227196,0.18615454,-0.22974777,0.00966389,0.013600593,-0.71639943,1.6194036,5.055341e-06
45708000,0.01590982,0.009531238,-1.9291898,-0.01697213,-0.010061663,0.7559318,0.13542452,0.18444118,-0.23101816,0.009894152,0.013475325,-0.7164901,1.6194036,2.0566367e-06
45804000,0.015969621,0.010151716,-1.8619899,-0.016733576,-0.0100879045,0.7562818,0.13309728,0.18247557,-0.24464774,0.009736581,0.0133487955,-0.71746296,1.6194036,1.9522774e-06
45908000,0.016030109,0.01077931,-1.7891899,-0.017204648,-0.012220731,0.7661995,0.13248302,0.17623393,-0.19891986,0.009647921,0.01283403,-0.7141989,1.6194036,7.942343e-07
46004000,0.016082281,0.011320604,-1.7219899,-0.017390553,-0.013271348,0.77074784,0.12864718,0.17559701,-0.20459443,0.009373695,0.012794629,-0.71460396,1.6194036,7.5393257e-07
46108000,0.016135056,0.011868114,-1.64919,-0.017388737,-0.013587521,0.77141243,0.12897934,0.18253925,-0.22801429,0.009420828,0.013332916,-0.7162757,1.6194036,3.0671828e-07
46204000,0.01618057,0.012340341,-1.5819899,-0.017421916,-0.013389379,0.77003425,0.13047883,0.18219337,-0.2540095,0.009554042,0.013340732,-0.71813124,1.6194036,2.9115452e-07
46308000,0.016226612,0.012818004,-1.5091896,-0.019923499,-0.014439501,0.7755664,0.12201097,0.17646196,-0.23415388,0.00891577,0.012894695,-0.7167139,1.6194036,1.184488e-07
46404000,0.01626632,0.013229995,-1.4419895,-0.02154722,-0.014654206,0.7768629,0.115878716,0.17844076,-0.24260557,0.008475782,0.013051794,-0.7173172,1.6194036,1.1243838e-07
46508000,0.016306484,0.013646718,-1.3691899,-0.022789272,-0.014211867,0.77532274,0.11292195,0.18313953,-0.2606339,0.008275236,0.013420979,-0.7186041,1.6194036,4.5742695e-08
46612000,0.016341127,0.014006152,-1.3019897,-0.023694918,-0.013431762,0.76852316,0.10927233,0.18676595,-0.28741914,0.008028845,0.013722732,-0.720516,1.6194036,4.342158e-08
46708000,0.016376166,0.014369718,-1.2291898,-0.024768196,-0.013197228,0.7817127,0.109419025,0.1833076,-0.21928842,0.007984122,0.013375648,-0.7156528,1.6194036,1.7664965e-08
46804000,0.016406389,0.014683306,-1.1619898,-0.025413604,-0.012551026,0.7853959,0.11005935,0.18872398,-0.21273367,0.008025741,0.013762119,-0.7151849,1.6194036,1.6768595e-08
46908000,0.01643696,0.015000508,-1.0891899,-0.02564307,-0.011332302,0.78550965,0.113372535,0.19418974,-0.23322786,0.008285296,0.014191439,-0.7166478,1.6194036,6.8218764e-09
47012000,0.016463332,0.0152741205,-1.0219898,-0.02564527,-0.010344405,0.77834386,0.114362575,0.19468667,-0.2780372,0.008394482,0.014290457,-0.7198463,1.6194036,6.4757155e-09
47108000,0.016490003,0.0155508695,-0.9491899,-0.02615597,-0.011887968,0.7880023,0.11212424,0.1903383,-0.23321636,0.008194664,0.013910982,-0.716647,1.6194036,2.6344797e-09
47212000,0.016513014,0.015789583,-0.88198984,-0.026258094,-0.012656644,0.7826522,0.111568026,0.1811632,-0.2682951,0.008181476,0.013285009,-0.7191509,1.6194036,2.500799e-09
47308000,0.01653629,0.016031055,-0.8091898,-0.02599551,-0.012802646,0.7853015,0.11536654,0.18143435,-0.27008232,0.008461839,0.013307743,-0.7192785,1.6194036,1.0173864e-09
47404000,0.01655636,0.016239334,-0.7419898,-0.02552303,-0.0126485145,0.78138614,0.11886794,0.18555152,-0.28630802,0.0087325,0.013631333,-0.7204367,1.6194036,9.657614e-10
47508000,0.016576666,0.016450018,-0.6691898,-0.025697233,-0.0137757715,0.78622085,0.11844265,0.18702343,-0.24270156,0.008663661,0.013680101,-0.7173241,1.6194036,3.928954e-10
47604000,0.016594186,0.016631749,-0.6019898,-0.025444118,-0.013966643,0.7869149,0.11577397,0.18493281,-0.24841553,0.008473534,0.013535291,-0.7177319,1.6194036,3.729588e-10
47708000,0.016611906,0.016815586,-0.5291898,-0.024847737,-0.013442093,0.784452,0.12265923,0.19043873,-0.2685882,0.008995235,0.013965855,-0.7191718,1.6194036,1.517288e-10
47812000,0.01662719,0.016974153,-0.46198982,-0.023776386,-0.013004809,0.7765922,0.12063168,0.18724489,-0.29411668,0.008869092,0.013766634,-0.72099406,1.6194036,1.4402966e-10
47908000,0.01664265,0.017134558,-0.3891898,-0.021981804,-0.014847279,0.7893006,0.12448707,0.18569404,-0.23182029,0.009096145,0.013568475,-0.71654737,1.6194036,5.859481e-11
48004000,0.016655989,0.017272929,-0.3219898,-0.020275904,-0.01567765,0.7917832,0.12612303,0.18460572,-0.23189987,0.009215111,0.013488116,-0.71655303,1.6194036,5.5621546e-11
48108000,0.016669482,0.017412882,-0.24918985,-0.018525884,-0.015740138,0.79043186,0.12682821,0.18381156,-0.25601208,0.009288841,0.013462276,-0.7182742,1.6194036,2.262821e-11
48204000,0.016681118,0.01753361,-0.18198986,-0.01702802,-0.015448289,0.7873455,0.13003552,0.18496098,-0.27544853,0.00954135,0.0135715045,-0.71966153,1.6194036,2.1479991e-11
48308000,0.016692886,0.017655734,-0.10918987,-0.015871301,-0.016849315,0.79149425,0.1287207,0.17940734,-0.24651346,0.009418843,0.013127722,-0.7175962,1.6194036,8.738588e-12
48404000,0.016703043,0.017761089,-0.04198987,-0.014840525,-0.0172299,0.791324,0.12886298,0.1871204,-0.25546676,0.00943704,0.013703413,-0.71823525,1.6194036,8.295167e-12
48508000,0.01671331,0.017867649,0.030810129,-0.013811187,-0.016741527,0.78768295,0.13020474,0.19063993,-0.27736416,0.009556929,0.013992826,-0.71979827,1.6194036,3.3746775e-12
48604000,0.016722169,0.017959578,0.09801013,-0.012613,-0.015937457,0.7834042,0.13160919,0.1896619,-0.28990248,0.009672412,0.013938906,-0.7206933,1.6194036,3.2034366e-12
48708000,0.01673113,0.018052557,0.17081012,-0.008446188,-0.017122783,0.7881537,0.14322144,0.18960819,-0.2504008,0.010484245,0.013879895,-0.71787363,1.6194036,1.3032368e-12
48812000,0.016738858,0.018132772,0.23801011,-0.006139608,-0.016507022,0.7405418,0.10970033,0.19243313,-1.7905427,0.009259644,0.016243,-0.827775,1.6194036,1.2371069e-12
48908000,0.016746681,0.018213917,0.31081012,-0.004846369,-0.015852276,0.7292359,0.12634456,0.17184047,-0.74643064,0.009704262,0.013198707,-0.7532007,1.6194036,5.0328546e-13
49004000,0.016753422,0.018283907,0.3780101,-0.0039068838,-0.015489687,0.73501205,0.12905976,0.17513572,-0.32657626,0.00951698,0.01291466,-0.7232223,1.6194036,4.777473e-13
49108000,0.016760245,0.01835471,0.45081013,-0.0040980885,-0.017155917,0.8113849,0.13184802,0.17819288,0.14804003,0.009266638,0.012523881,-0.68934864,1.6194036,1.9435933e-13
49204000,0.016766135,0.01841579,0.5180102,-0.0041625993,-0.01769024,0.8626493,0.12903026,0.1871897,0.21681014,0.009004811,0.013063662,-0.6844521,1.6194036,1.84497e-13
49308000,0.016772086,0.018477563,0.59081006,-0.0041863383,-0.017220255,0.898441,0.13021766,0.19601287,0.13176867,0.009168081,0.013800449,-0.6905396,1.6194036,7.505791e-14
49404000,0.016777229,0.018530866,0.65801007,-0.0040865582,-0.016281879,0.9242232,0.13643067,0.19771832,0.07555172,0.009663613,0.01400472,-0.69456744,1.6194036,7.124927e-14
49508000,0.016782425,0.01858478,0.73081005,-0.0035894655,-0.01738022,1.0115751,0.1390683,0.1916238,0.3609291,0.0095622,0.013175866,-0.6742097,1.6194036,2.898595e-14
49612000,0.01678691,0.018631294,0.7980101,-0.0029172625,-0.017454239,1.060926,0.1460896,0.19711293,0.31837636,0.0100899935,0.01361403,-0.6772656,1.6194036,2.751512e-14
49708000,0.016791452,0.018678358,0.87081015,-0.002197849,-0.016738156,1.0931492,0.1485354,0.20155221,0.20951143,0.01037671,0.014080473,-0.68504506,1.6194036,1.1193825e-14
49812000,0.016795361,0.018718954,0.9380103,-0.0013590655,-0.015829355,1.111639,0.15142606,0.19771674,0.124376535,0.010671404,0.013933632,-0.691122,1.6194036,1.0625819e-14
49908000,0.01679932,0.01876001,1.0108104,-0.0009594054,-0.017139338,1.1886721,0.153411,0.19054098,0.38642222,0.01051873,0.013064572,-0.6724171,1.6194036,4.322844e-15
50004000,0.016802732,0.01879543,1.0780101,-0.00038302047,-0.017679095,1.2303233,0.15324174,0.18572764,0.35329902,0.010543388,0.012778494,-0.67478144,1.6194036,4.1034905e-15
50108000,0.016806187,0.018831253,1.1508101,0.00034925973,-0.017521232,1.2475976,0.1543826,0.19143908,0.19767159,0.010798518,0.013390487,-0.68589014,1.6194036,1.6694007e-15
50204000,0.01680917,0.018862167,1.21801,0.0010061633,-0.01700065,1.252531,0.15576546,0.19042148,0.078783646,0.011028465,0.013482171,-0.6943764,1.6194036,1.5846908e-15
50308000,0.01681219,0.018893445,1.2908099,0.00093671837,-0.018555665,1.3193057,0.15277542,0.18352254,0.32464516,0.01054357,0.012665537,-0.6768268,1.6194036,6.4469107e-16
50404000,0.016814796,0.018920423,1.3580097,0.0010775111,-0.019126149,1.3486686,0.15823007,0.18376821,0.26319617,0.01099219,0.012766316,-0.681213,1.6194036,6.119776e-16
50508000,0.016817432,0.018947713,1.4308094,0.0014567481,-0.018907271,1.3522269,0.15643905,0.18745276,0.07057667,0.011084883,0.013282437,-0.6949622,1.6194036,2.489675e-16
50604000,0.016819704,0.018971251,1.4980092,0.0017763842,-0.018209279,1.3439817,0.15729305,0.189609,-0.06472371,0.011301158,0.013622991,-0.70462,1.6194036,2.3633418e-16
50708000,0.016822001,0.018995075,1.5708089,-1.5236534e-05,-0.018246021,1.3961864,0.1414252,0.19119713,0.17599274,0.009912643,0.01340121,-0.6874376,1.6194036,9.6146544e-17
50812000,0.01682398,0.019015627,1.6380087,-0.0014514499,-0.017453393,1.4081955,0.13985106,0.19497736,0.0839442,0.009896379,0.0137973195,-0.69400805,1.6194036,9.12678e-17
50908000,0.016825974,0.019036405,1.7108084,-0.0024063776,-0.016217483,1.4059598,0.13887742,0.19807693,-0.056206144,0.009969621,0.014219388,-0.704012,1.6194036,3.712998e-17
51004000,0.016827695,0.019054346,1.7780081,-0.0033411118,-0.014872612,1.3886788,0.14014848,0.19794966,-0.1722333,0.010178715,0.014376704,-0.71229404,1.6194036,3.52459e-17
51108000,0.016829437,0.019072486,1.8508079,-0.0076953936,-0.016154068,1.4304442,0.11725324,0.18419692,0.067167655,0.008313089,0.0130593,-0.69520557,1.6194036,1.4338898e-17
51204000,0.01683094,0.01908814,1.9180077,-0.011012043,-0.016727159,1.4401984,0.107349224,0.18267581,0.028744433,0.0076395525,0.0130002005,-0.6979482,1.6194036,1.3611302e-17
51308000,0.016832462,0.019103974,1.9908078,-0.013921604,-0.016683355,1.4258053,0.10575866,0.1880262,-0.13641942,0.007655082,0.013609816,-0.7097376,1.6194036,5.5374113e-18
51404000,0.016833773,0.019117631,2.058008,-0.016195022,-0.016404787,1.4039912,0.026691742,-0.015822545,0.5376724,0.0017902486,-0.0010612379,-0.66162086,1.6194036,5.2564276e-18
51508000,0.016835101,0.019131452,2.1308084,-0.019058855,-0.020346157,1.5016348,0.1280947,0.108221896,2.7672987,0.006562361,0.0055442667,-0.50242996,1.6194036,2.1384437e-18
51604000,0.016836248,0.019143363,2.1980088,-0.020893563,-0.02354565,1.5672894,0.10942782,0.10057412,3.2507887,0.005221551,0.0047990805,-0.46787775,1.6194036,2.029933e-18
51708000,0.01683741,0.019155424,2.2708092,-0.022235636,-0.02664375,1.6181619,0.10376334,0.091072366,3.6828277,0.004623284,0.004057824,-0.43699524,1.6194036,8.258266e-19
51804000,0.016838409,0.019165827,2.3380098,-0.023080952,-0.029098617,1.6589963,0.094562985,0.078069024,4.058405,0.0039557638,0.0032657878,-0.4101487,1.6194036,7.839219e-19
51908000,0.016839422,0.019176356,2.4108107,-0.02449014,-0.029712487,1.7625778,0.09193189,0.07745478,4.787824,0.0033587965,0.0028298653,-0.35805762,1.6194036,3.1891868e-19
52004000,0.016840296,0.019185437,2.4780111,-0.02531006,-0.030421799,1.8000001,0.0821811,0.07003454,5.2146397,0.002743924,0.0023383654,-0.32756773,1.6194036,3.0273585e-19
52108000,0.016841179,0.019194633,2.550812,-0.025868785,-0.031438064,1.8000001,0.07823936,0.05946751,5.492334,0.0024545223,0.0018656123,-0.30771804,1.6194036,1.2316037e-19
52212000,0.01684194,0.01920255,2.6180124,-0.02623888,-0.032584313,1.8000001,0.07450749,0.05224626,5.7727857,0.0021852439,0.0015323402,-0.2876767,1.6194036,1.1691086e-19
52308000,0.016842717,0.019210573,2.6908128,-0.026890615,-0.032976113,1.8000001,0.06370819,0.0466628,6.088868,0.0017207466,0.0012603535,-0.26510286,1.6194036,4.7562213e-20
52412000,0.016843382,0.019217476,2.7580132,-0.027407466,-0.033947717,1.8000001,0.061134774,0.041924834,6.394946,0.0015159197,0.0010395832,-0.24324596,1.6194036,4.514877e-20
52508000,0.016844053,0.019224467,2.8308134,-0.027765911,-0.035218384,1.8000001,0.0507169,0.029234888,6.657879,0.0011591422,0.0006681678,-0.22447333,1.6194036,1.836763e-20
52612000,0.016844634,0.01923049,2.898014,-0.028131556,-0.036472455,1.8000001,0.04704774,0.023875065,6.9472666,0.0009782457,0.0004964251,-0.20381802,1.6194036,1.7435605e-20
52708000,0.016845223,0.019236596,2.970815,-0.028361475,-0.035432294,1.8000001,0.04501745,0.02580533,7.254225,0.0008353604,0.0004788532,-0.1819182,1.6194036,7.093231e-21
52804000,0.016845733,0.019241864,3.0380154,-0.028541334,-0.035141263,1.8000001,0.04639931,0.02165265,7.5464144,0.0007609859,0.00035512084,-0.1610766,1.6194036,6.7333015e-21
52908000,0.016846249,0.019247197,3.110816,-0.028725784,-0.03563728,1.8000001,0.039003555,0.014895044,7.8409867,0.00055700773,0.00021271534,-0.14006943,1.6194036,2.7392724e-21
53004000,0.016846692,0.01925179,3.1780164,-0.028761664,-0.036374368,1.8000001,0.03567447,0.0076635117,8.110447,0.0004375063,9.398415e-05,-0.120857716,1.6194036,2.600274e-21
53108000,0.016847141,0.019256437,3.250817,-0.027463375,-0.03455429,1.8000001,0.04292215,0.01737675,8.2171545,0.0005265705,0.0002131786,-0.119998656,1.6194036,1.0578553e-21
53212000,0.016847523,0.019260459,3.318017,-0.02634008,-0.03373825,1.8000001,0.04102032,0.012469322,8.277099,0.000499853,0.00015194489,-0.11999886,1.6194036,1.0041768e-21
53308000,0.016847916,0.019264515,3.3908174,-0.025436139,-0.033808075,1.8000001,0.04418737,0.00892925,8.314653,0.00054029486,0.00010918114,-0.11999873,1.6194036,4.0852377e-22
53404000,0.016848253,0.019268027,3.4580178,-0.024712555,-0.034101684,1.8000001,0.0391851,0.011108019,8.347348,0.00047999353,0.00013606646,-0.11999896,1.6194036,3.8779415e-22
53508000,0.016848596,0.01927158,3.5308182,-0.024440814,-0.030827109,1.8000001,0.037318148,0.025808096,8.4360285,0.00045591613,0.00031529774,-0.119998716,1.6194036,1.5776415e-22
53604000,0.01684889,0.019274635,3.5980184,-0.024228457,-0.028749043,1.8000001,0.035638355,0.030695885,8.491083,0.00043612043,0.00037563752,-0.11999862,1.6194036,1.4975878e-22
53708000,0.016849188,0.019277735,3.6708188,-0.024017524,-0.027382713,1.8000001,0.031333778,0.026296332,8.5268345,0.0003821597,0.0003207209,-0.11999896,1.6194036,6.0925545e-23
53812000,0.016849447,0.0192804,3.738019,-0.024057742,-0.02651774,1.8000001,0.03167167,0.02925485,8.565198,0.00038856818,0.00035891708,-0.119998835,1.6194036,5.783402e-23
53908000,0.016849708,0.019283108,3.8108196,-0.02497817,-0.024900118,1.8000001,0.023895826,0.032281842,8.642792,0.00029166683,0.0003940246,-0.119999,1.6194036,2.3528296e-23
54004000,0.016849935,0.019285435,3.8780198,-0.02578205,-0.023927517,1.8000001,0.01936021,0.032738864,8.694418,0.00023578634,0.00039872382,-0.1199991,1.6194036,2.2334405e-23
54108000,0.016850162,0.01928778,3.9508204,-0.02657625,-0.023439081,1.8000001,0.016037585,0.030872794,8.735245,0.00019664141,0.00037854016,-0.11999924,1.6194036,9.086184e-24
54204000,0.01685036,0.01928981,4.0180206,-0.027151305,-0.02340781,1.8000001,0.014072609,0.030102631,8.767186,0.00017191775,0.00036774817,-0.11999931,1.6194036,8.625126e-24
54308000,0.01685056,0.01929186,4.0908203,-0.027355427,-0.023143932,1.8000001,0.012155517,0.032557286,8.84874,0.00014778833,0.00039583567,-0.11999925,1.6194036,3.5089133e-24
54404000,0.016850732,0.019293625,4.15802,-0.027455205,-0.023183087,1.8000001,0.014866684,0.032550238,8.901482,0.0001829755,0.00040062037,-0.11999919,1.6194036,3.330861e-24
54508000,0.016850907,0.01929541,4.2308197,-0.02742532,-0.02350529,1.8000001,0.01674571,0.027653726,8.939633,0.00020472516,0.0003380814,-0.11999935,1.6194036,1.3550761e-24
54604000,0.016851058,0.019296946,4.2980194,-0.027283616,-0.023913682,1.8000001,0.010521584,0.02153003,8.973685,0.00012863324,0.00026321865,-0.11999964,1.6194036,1.2863156e-24
54708000,0.016851211,0.019298509,4.3708196,-0.027219646,-0.023132816,1.8000001,0.007831658,0.027696518,9.057773,9.4992705e-05,0.00033594,-0.11999949,1.6194036,5.233048e-25
54812000,0.01685134,0.019299865,4.4380198,-0.027139606,-0.02274372,1.8000001,0.010842659,0.025694,9.113815,0.00013380662,0.00031708338,-0.119999506,1.6194036,4.967508e-25
54908000,0.01685147,0.019301226,4.5108194,-0.026954079,-0.022706391,1.8000001,0.015278465,0.02460187,9.15229,0.00018803222,0.00030277547,-0.11999947,1.6194036,2.0209041e-25
55004000,0.016851582,0.019302396,4.57802,-0.026646083,-0.022813277,1.8000001,0.014566098,0.019880215,9.181391,0.00017994539,0.00024559448,-0.11999961,1.6194036,1.9183576e-25
55108000,0.016851695,0.019303594,4.6508203,-0.026543764,-0.022197653,1.8000001,0.013305539,0.027829476,9.264385,0.00016281671,0.00034054264,-0.1199994,1.6194036,7.8043495e-26
55204000,0.016851796,0.019304626,4.7180204,-0.026279738,-0.021801759,1.8000001,0.01343372,0.028474627,9.320452,0.00016394019,0.00034749391,-0.11999938,1.6194036,7.4083345e-26
55308000,0.016851895,0.019305663,4.7908206,-0.025909055,-0.02160058,1.8000001,0.011283751,0.024965875,9.359449,0.00013757407,0.00030438966,-0.119999535,1.6194036,3.0138927e-26
55404000,0.016851982,0.019306565,4.8580203,-0.025447777,-0.021338718,1.8000001,0.013261716,0.029152162,9.391644,0.00016275785,0.00035777746,-0.11999936,1.6194036,2.860959e-26
55508000,0.016852068,0.019307472,4.93082,-0.024463197,-0.018269295,1.8000001,0.012021638,0.0387887,9.474059,0.00014718348,0.0004748983,-0.11999897,1.6194036,1.1639085e-26
55604000,0.016852144,0.019308254,4.99802,-0.023573698,-0.015989512,1.8000001,0.014192497,0.044439506,9.525347,0.0001732869,0.00054259546,-0.11999865,1.6194036,1.10484854e-26
55708000,0.016852219,0.019309042,5.07082,-0.02261742,-0.014006822,1.8000001,0.017952716,0.044091444,9.564548,0.00021929781,0.00053859025,-0.11999859,1.6194036,4.4947954e-27
55812000,0.016852286,0.019309731,5.13802,-0.021482976,-0.012594844,1.8000001,0.019218706,0.045372196,9.599361,0.00023528983,0.0005554804,-0.11999848,1.6194036,4.266717e-27
55908000,nan,nan,nan,nan,nan,nan,0.0,0.0,100.0,-0.0,-0.0,-0.12,1.6225511,0.0
56004000,nan,nan,nan,nan,nan,nan,0.0,0.0,100.0,-0.0,-0.0,-0.12,1.622521,0.0
56108000,nan,nan,nan,nan,nan,nan,0.0,0.0,100.0,-0.0,-0.0,-0.12,1.6225784,0.0
56204000,nan,nan,nan,nan,nan,nan,0.0,0.0,100.0,-0.0,-0.0,-0.12,1.6226257,0.0
56308000,nan,nan,nan,nan,nan,nan,0.0,0.0,100.0,-0.0,-0.0,-0.12,1.6226518,0.0
56412000,nan,nan,nan,nan,nan,nan,0.0,0.0,100.0,-0.0,-0.0,-0.12,1.6226614,0.0
56508000,nan,nan,nan,nan,nan,nan,0.0,0.0,100.0,-0.0,-0.0,-0.001,1.6226614,0.0
56604000,nan,nan,nan,nan,nan,nan,0.0,0.0,100.0,-0.0,-0.0,-0.001,1.6226561,0.0
56708000,nan,nan,nan,nan,nan,nan,0.0,0.0,100.0,-0.0,-0.0,-0.001,1.6227129,0.0
56804000,nan,nan,nan,nan,nan,nan,0.0,0.0,100.0,-0.0,-0.0,-0.001,1.6227151,0.0
56908000,nan,nan,nan,nan,nan,nan,0.0,0.0,100.0,-0.0,-0.0,-0.001,1.622751,0.0
57004000,nan,nan,nan,nan,nan,nan,0.0,0.0,100.0,-0.0,-0.0,-0.001,1.6228827,0.0
57108000,nan,nan,nan,nan,nan,nan,0.0,0.0,100.0,-0.0,-0.0,-0.001,1.6229557,0.0
57204000,nan,nan,nan,nan,nan,nan,0.0,0.0,100.0,-0.0,-0.0,-0.001,1.6230752,0.0
57308000,nan,nan,nan,nan,nan,nan,0.0,0.0,100.0,-0.0,-0.0,-0.001,1.6231654,0.0
57412000,nan,nan,nan,nan,nan,nan,0.0,0.0,100.0,-0.0,-0.0,-0.001,1.623204,0.0
57508000,nan,nan,nan,nan,nan,nan,0.0,0.0,100.0,-0.0,-0.0,-0.001,1.623129,0.0
57604000,nan,nan,nan,nan,nan,nan,0.0,0.0,100.0,-0.0,-0.0,-0.001,1.6232232,0.0
57708000,nan,nan,nan,nan,nan,nan,0.0,0.0,100.0,-0.0,-0.0,-0.001,1.6233504,0.0
57812000,nan,nan,nan,nan,nan,nan,0.0,0.0,100.0,-0.0,-0.0,-0.001,1.6233476,0.0
57908000,nan,nan,nan,nan,nan,nan,0.0,0.0,100.0,-0.0,-0.0,-0.001,1.623312,0.0
58012000,nan,nan,nan,nan,nan,nan,0.0,0.0,100.0,-0.0,-0.0,-0.001,1.623401,0.0
58108000,nan,nan,nan,nan,nan,nan,0.0,0.0,100.0,-0.0,-0.0,-0.001,1.6235793,0.0
58204000,nan,nan,nan,nan,nan,nan,0.0,0.0,100.0,-0.0,-0.0,-0.001,1.6236904,0.0
58308000,nan,nan,nan,nan,nan,nan,0.0,0.0,100.0,-0.0,-0.0,-0.001,1.6237421,0.0
58404000,nan,nan,nan,nan,nan,nan,0.0,0.0,100.0,-0.0,-0.0,-0.001,1.6238896,0.0
58508000,nan,nan,nan,nan,nan,nan,0.0,0.0,100.0,-0.0,-0.0,-0.001,1.6239727,0.0
58612000,nan,nan,nan,nan,nan,nan,0.0,0.0,100.0,-0.0,-0.0,-0.001,1.6240475,0.0
58708000,nan,nan,nan,nan,nan,nan,0.0,0.0,100.0,-0.0,-0.0,-0.001,1.6241175,0.0
58812000,nan,nan,nan,nan,nan,nan,0.0,0.0,100.0,-0.0,-0.0,-0.001,1.6242057,0.0
58908000,nan,nan,nan,nan,nan,nan,0.0,0.0,100.0,-0.0,-0.0,-0.001,1.6241572,0.0
59004000,nan,nan,nan,nan,nan,nan,0.0,0.0,100.0,-0.0,-0.0,-0.001,1.6243172,0.0
59108000,nan,nan,nan,nan,nan,nan,0.0,0.0,100.0,-0.0,-0.0,-0.001,1.624468,0.0
59204000,nan,nan,nan,nan,nan,nan,0.0,0.0,100.0,-0.0,-0.0,-0.001,1.6245077,0.0
59308000,nan,nan,nan,nan,nan,nan,0.0,0.0,100.0,-0.0,-0.0,-0.001,1.6245425,0.0
59412000,nan,nan,nan,nan,nan,nan,0.0,0.0,100.0,-0.0,-0.0,-0.001,1.6248021,0.0
