timestamp,timestamp_sample,time_last_fuse,device_id,observation,observation_variance,innovation,innovation_variance,test_ratio,estimator_instance,fusion_enabled,innovation_rejected,fused
4124000,4043646,0,0,-0.0030212402,12.25,8.471543e-06,32.25041,8.901226e-14,3,0,0,0
4188000,4103680,0,0,0.030090332,12.25,-0.033799104,32.250603,1.4168783e-06,3,0,0,0
4244000,4163689,0,0,0.20880127,12.25,-0.21209651,28.917202,6.222584e-05,3,0,0,0
4308000,4223725,0,0,-0.049743652,12.25,0.045745827,28.917439,2.894697e-06,3,0,0,0
4364000,4279730,0,0,0.02178955,12.25,-0.026425747,28.917696,9.659416e-07,3,0,0,0
4412000,4330422,0,0,-0.03564453,12.25,0.031157924,26.53667,1.4633581e-06,3,0,0,0
4476000,4391770,0,0,0.06463623,12.25,-0.069153495,26.536854,7.2083994e-06,3,0,0,0
4532000,4451790,0,0,-0.010559082,12.25,0.005402362,26.537186,4.3991875e-08,3,0,0,0
4596000,4511802,0,0,0.069488525,12.25,-0.07540785,26.537638,8.570987e-06,3,0,0,0
4652000,4571820,0,0,0.012268066,12.25,-0.017138693,24.751568,4.7469285e-07,3,0,0,0
4716000,4631830,0,0,-0.053497314,12.25,0.047948025,24.752031,3.7152718e-06,3,0,0,0
4772000,4691845,4692000,0,-0.03942871,12.25,0.033255465,24.752506,1.7871741e-06,3,0,0,0
4836000,4751854,4756000,0,0.09951782,12.25,-0.10640812,24.75314,1.8296972e-05,3,1,0,1
4892000,4809198,4812000,0,-0.055419922,12.25,0.1023533,18.437773,2.2727685e-05,3,1,0,1
4940000,4859871,4860000,0,-0.07421875,12.25,0.086337455,16.361328,1.822384e-05,3,1,0,1
5004000,4918885,4924000,0,0.024383545,12.25,-0.034612015,15.328475,3.1261857e-06,3,1,0,1
5060000,4979889,4980000,0,-0.064819336,12.25,0.06095006,14.710455,1.0101414e-05,3,1,0,1
5124000,5038901,5044000,0,0.047851562,12.25,-0.062038515,14.299091,1.0766495e-05,3,1,0,1
5180000,5099904,5100000,0,0.17462158,12.25,-0.1804579,14.005699,9.300516e-05,3,1,0,1
5244000,5159915,5164000,0,-0.09298706,12.25,0.109142825,13.785935,3.4563214e-05,3,1,0,1
5300000,5219918,5220000,0,0.13238525,12.25,-0.12831499,13.614941,4.8372556e-05,3,1,0,1
5364000,5278927,5284000,0,-0.013183594,12.25,0.029611828,13.478438,2.6022608e-06,3,1,0,1
5420000,5335929,5340000,0,-0.11175537,12.25,0.12499261,13.36681,4.6752073e-05,3,1,0,1
5468000,5387936,5388000,0,-0.02255249,12.25,0.024922853,13.273813,1.8718016e-06,3,1,0,1
5532000,5447939,5452000,0,0.019683838,12.25,-0.019151896,13.19501,1.1119208e-06,3,1,0,1
5588000,5507945,5508000,0,0.0713501,12.25,-0.06993044,13.127697,1.4900609e-05,3,1,0,1
5652000,5567948,5572000,0,0.043151855,12.25,-0.0376295,13.069486,4.3336954e-06,3,1,0,1
5708000,5626618,5628000,0,0.00091552734,12.25,0.007264561,13.018184,1.6215427e-07,3,1,0,1
5772000,5687955,5692000,0,-0.11645508,12.25,0.12371059,12.973321,4.718702e-05,3,1,0,1
5828000,5746625,5748000,0,-0.008483887,12.25,0.008369071,12.933444,2.166209e-07,3,1,0,1
5892000,5807962,5812000,0,0.019683838,12.25,-0.02080713,12.897897,1.3426583e-06,3,1,0,1
5948000,5867965,5868000,0,-0.027252197,12.25,0.027567247,12.865379,2.362785e-06,3,1,0,1
6012000,5927967,5932000,0,-0.0037841797,12.25,0.0022569764,12.836497,1.587331e-08,3,1,0,1
6068000,5987970,5988000,0,0.0056152344,12.25,-0.007732893,12.810228,1.867184e-07,3,1,0,1
6132000,6047972,6052000,0,-0.013183594,12.25,0.0118195005,12.785791,4.3704952e-07,3,1,0,1
6188000,6107974,6108000,0,0.03378296,12.25,-0.036093194,12.763847,4.0825266e-06,3,1,0,1
6252000,6165976,6172000,0,-0.0178833,12.25,0.016539717,12.743792,8.586526e-07,3,1,0,1
6308000,6226644,6228000,0,0.038482666,12.25,-0.040897936,12.725255,5.2577057e-06,3,1,0,1
6372000,6287979,6292000,0,-0.0178833,12.25,0.017462378,12.707515,9.598562e-07,3,1,0,1
6428000,6347981,6348000,0,0.010314941,12.25,-0.011747674,12.691612,4.3495766e-07,3,1,0,1
6492000,6407982,6412000,0,-0.04135132,12.25,0.039905094,12.676947,5.024606e-06,3,1,0,1
6548000,6466650,6468000,0,-0.013183594,12.25,0.010828585,12.662459,3.7041227e-07,3,1,0,1
6612000,6527985,6532000,0,-0.013183594,12.25,0.010146435,12.649692,3.2554203e-07,3,1,0,1
6668000,6587986,6588000,0,-0.013183594,12.25,0.0095213475,12.637688,2.8693876e-07,3,1,0,1
6732000,6645987,6652000,0,-0.027252197,12.25,0.023759054,12.625745,1.7883862e-06,3,1,0,1
6780000,6695988,6700000,0,-0.031951904,12.25,0.02750698,12.615068,2.399143e-06,3,1,0,1
6836000,6755989,6756000,0,0.029083252,12.25,-0.034560073,12.605126,3.7901993e-06,3,1,0,1
6900000,6815990,6820000,0,0.0854187,12.25,-0.09014636,12.59588,2.5806428e-05,3,1,0,1
6956000,6875991,6876000,0,-0.031951904,12.25,0.02992392,12.586197,2.8457875e-06,3,1,0,1
7020000,6935991,6940000,0,0.06665039,12.25,-0.06966914,12.577936,1.5435884e-05,3,1,0,1
7076000,6995992,6996000,0,0.014984131,12.25,-0.016344415,12.570055,8.500835e-07,3,1,0,1
7140000,7053992,7060000,0,0.014984131,12.25,-0.016080648,12.562718,8.2334805e-07,3,1,0,1
7188000,7103993,7108000,0,0.06665039,12.25,-0.067119375,12.554595,1.4353343e-05,3,1,0,1
7244000,7163994,7164000,0,-0.0037841797,12.25,0.0048594135,12.547867,7.527622e-08,3,1,0,1
7308000,7223994,7228000,0,0.043151855,12.25,-0.042294104,12.541597,5.705146e-06,3,1,0,1
7364000,7283995,7284000,0,-0.008483887,12.25,0.010437936,12.534568,3.4768013e-07,3,1,0,1
7428000,7343995,7348000,0,0.00091552734,12.25,0.0007251799,12.528868,1.6789576e-09,3,1,0,1
7484000,7403995,7404000,0,0.00091552734,12.25,0.0007007463,12.523363,1.5684138e-09,3,1,0,1
7548000,7463996,7468000,0,-0.08828735,12.25,0.08988326,12.518243,2.5815127e-05,3,1,0,1
7604000,7523996,7524000,0,0.014984131,12.25,-0.015263144,12.51219,7.4475713e-07,3,1,0,1
7668000,7581996,7588000,0,0.024383545,12.25,-0.024283672,12.507499,1.8858981e-06,3,1,0,1
7724000,7642663,7644000,0,-0.064819336,12.25,0.065441206,12.502936,1.37009465e-05,3,1,0,1
7788000,7703997,7708000,0,0.019683838,12.25,-0.020416282,12.497607,1.334094e-06,3,1,0,1
7844000,7763997,7764000,0,-0.04135132,12.25,0.041056745,12.4934025,5.396949e-06,3,1,0,1
7908000,7823997,7828000,0,0.0056152344,12.25,-0.0066948226,12.489502,1.4354663e-07,3,1,0,1
7964000,7883998,7884000,0,0.043151855,12.25,-0.044107348,12.485683,6.2326044e-06,3,1,0,1
8028000,7943998,7948000,0,-0.050720215,12.25,0.050627366,12.480976,8.214518e-06,3,1,0,1
8084000,8003998,8004000,0,-0.06951904,12.25,0.06849778,12.477435,1.5041378e-05,3,1,0,1
8148000,8063998,8068000,0,-0.03665161,12.25,0.03437406,12.474169,3.7888726e-06,3,1,0,1
8204000,8123998,8124000,0,0.029083252,12.25,-0.03190373,12.4697695,3.2650096e-06,3,1,0,1
8268000,8183999,8188000,0,-0.02255249,12.25,0.020199876,12.46673,1.3091966e-06,3,1,0,1
8324000,8243999,8244000,0,-0.09298706,12.25,0.09018049,12.463726,2.6099804e-05,3,1,0,1
8388000,8303999,8308000,0,-0.027252197,12.25,0.02281416,12.460976,1.6707711e-06,3,1,0,1
8444000,8362665,8364000,0,-0.046051025,12.25,0.041369718,12.456986,5.495562e-06,3,1,0,1
8508000,8423999,8428000,0,0.0056152344,12.25,-0.0110212695,12.454414,3.9012153e-07,3,1,0,1
8564000,8483999,8484000,0,-0.064819336,12.25,0.05959865,12.451853,1.1410347e-05,3,1,0,1
8628000,8543999,8548000,0,0.058258057,12.250271,-0.06344208,13.250273,1.2150385e-05,3,1,0,1
8684000,8603999,8604000,0,-0.049713135,12.251217,0.049321346,13.175774,7.3850547e-06,3,1,0,1
8748000,8663999,8668000,0,-0.012176514,12.252299,0.008334472,13.112049,2.1190714e-07,3,1,0,1
8804000,8724000,8724000,0,0.10519409,12.253245,-0.10954991,13.056718,3.676631e-05,3,1,0,1
8868000,8784000,8788000,0,-0.049743652,12.254326,0.05216295,13.008465,8.366777e-06,3,1,0,1
8924000,8844000,8844000,0,-0.026245117,12.255271,0.02567565,12.965835,2.0337727e-06,3,1,0,1
8988000,8904000,8908000,0,-0.030944824,12.2563505,0.029006887,12.928173,2.6033051e-06,3,1,0,1
9044000,8964000,8964000,0,-0.08258057,12.257295,0.07731251,12.646466,1.8905594e-05,3,1,0,1
9108000,9024000,9028000,0,0.03012085,12.258372,-0.037681736,12.635735,4.494913e-06,3,1,0,1
9164000,9084000,9084000,0,-0.045043945,12.259313,0.038693644,12.625585,4.743378e-06,3,1,0,1
9228000,9144000,9148000,0,0.06298828,12.260387,-0.07042619,12.616181,1.5725354e-05,3,1,0,1
9284000,9204000,9204000,0,0.025360107,12.261326,-0.030768605,12.607305,3.0036779e-06,3,1,0,1
9348000,9264000,9268000,0,-0.03100586,12.262398,0.026508516,12.599168,2.2309455e-06,3,1,0,1
9404000,9324000,9324000,0,0.03475952,12.263331,-0.039905213,12.591384,5.0587796e-06,3,1,0,1
9468000,9384000,9388000,0,0.034729004,12.2644,-0.03858657,12.506698,4.7620038e-06,3,1,0,1
9524000,9442666,9444000,0,-0.0075683594,12.265329,0.004528624,12.5031805,6.56103e-08,3,1,0,1
9580000,9500000,9500000,0,0.044067383,12.266257,-0.04709117,12.499864,7.0963288e-06,3,1,0,1
9636000,9552000,9556000,0,-0.0076293945,12.267182,0.0056054983,12.496736,1.0057542e-07,3,1,0,1
9692000,9612000,9612000,0,0.062805176,12.268105,-0.06494933,12.493558,1.3505891e-05,3,1,0,1
9756000,9672000,9676000,0,0.029846191,12.26916,-0.030666884,12.490929,3.0116505e-06,3,1,0,1
9812000,9732000,9732000,0,-0.017181396,12.270078,0.017073555,12.488279,9.3369556e-07,3,1,0,1
9876000,9792000,9796000,0,-0.03591919,12.271127,0.036589555,12.447829,4.302101e-06,3,1,0,1
9932000,9852000,9852000,0,0.058044434,12.2720375,-0.05769417,12.44656,1.0697308e-05,3,1,0,1
9996000,9910000,9916000,0,0.048553467,12.27308,-0.04716009,12.445571,7.148162e-06,3,1,0,1
10044000,9960000,9964000,0,-0.078308105,12.273849,0.08056451,12.444289,2.086303e-05,3,1,0,1
10100000,10018666,10020000,0,0.043914795,12.27475,-0.04287273,12.442939,5.9088006e-06,3,1,0,1
10164000,10080000,10084000,0,0.020355225,12.275782,-0.018395973,12.442164,1.0879517e-06,3,1,0,1
10220000,10140000,10140000,0,-0.101745605,12.276674,0.10489151,12.418019,3.5439563e-05,3,1,0,1
10284000,10200000,10204000,0,0.0909729,12.277699,-0.0891581,12.417577,2.5606178e-05,3,1,0,1
10340000,10260000,10260000,0,-0.012542725,12.278584,0.015641913,12.417284,7.8815765e-07,3,1,0,1
10404000,10320000,10324000,0,-0.0078125,12.279599,0.011056289,12.417246,3.9377986e-07,3,1,0,1
10460000,10380000,10380000,0,-0.0030822754,12.280476,0.006470591,12.417067,1.3487418e-07,3,1,0,1
10524000,10440000,10444000,0,-0.03591919,12.281483,0.03907193,12.416668,4.9179557e-06,3,1,0,1
10580000,10500000,10500000,0,-0.012359619,12.282349,0.015436446,12.416541,7.676337e-07,3,1,0,1
10644000,10560000,10564000,0,0.062805176,12.283346,-0.059633933,12.401024,1.14706845e-05,3,1,0,1
10700000,10618666,10620000,0,0.03918457,12.284203,-0.035733603,12.4008,4.118736e-06,3,1,0,1
10764000,10680000,10684000,0,0.029693604,12.285191,-0.025478318,12.401224,2.0938085e-06,3,1,0,1
10820000,10740000,10740000,0,0.024932861,12.2860365,-0.020051131,12.401486,1.2967731e-06,3,1,0,1
10884000,10800000,10804000,0,-0.09719849,12.287014,0.10281734,12.402004,3.4095796e-05,3,1,0,1
10940000,10860000,10860000,0,-0.068725586,12.287849,0.07288278,12.401737,1.713276e-05,3,1,0,1
11004000,10920000,10924000,0,0.06295776,12.2888155,-0.05887288,12.402276,1.1178644e-05,3,1,0,1
11060000,10980000,10980000,0,0.001739502,12.28964,0.0030649612,12.391223,3.032465e-08,3,1,0,1
11124000,11040000,11044000,0,-0.1015625,12.290595,0.10581008,12.3913965,3.6140475e-05,3,1,0,1
11180000,11097333,11100000,0,0.03024292,12.291409,-0.026262699,12.391915,2.226385e-06,3,1,0,1
11228000,11148000,11148000,0,0.09118652,12.292082,-0.086448394,12.39225,2.4122577e-05,3,1,0,1
11292000,11207000,11212000,0,0.0345459,12.29302,-0.028322931,12.393053,2.5891552e-06,3,1,0,1
11348000,11268000,11268000,0,-0.09701538,12.2938175,0.10256764,12.392945,3.395519e-05,3,1,0,1
11412000,11328000,11332000,0,0.072387695,12.2947445,-0.06873112,12.384838,1.5257259e-05,3,1,0,1
11468000,11388000,11388000,0,0.076812744,12.295529,-0.07191854,12.385538,1.6704244e-05,3,1,0,1
11532000,11448000,11452000,0,0.01083374,12.296443,-0.0063083526,12.385799,1.2851915e-07,3,1,0,1
11588000,11508000,11508000,0,-0.0126953125,12.297215,0.018054,12.386497,1.0525879e-06,3,1,0,1
11652000,11568000,11572000,0,-0.017333984,12.298117,0.023543963,12.387445,1.7899355e-06,3,1,0,1
11708000,11628000,11628000,0,-0.054779053,12.298877,0.06171666,12.388205,1.2298622e-05,3,1,0,1
11772000,11688000,11692000,0,-0.007598877,12.299766,0.0128734,12.388371,5.350967e-07,3,1,0,1
11828000,11748000,11748000,0,-0.068573,12.300512,0.073161505,12.381928,1.7291672e-05,3,1,0,1
11892000,11808000,11812000,0,-0.002532959,12.301388,0.007626324,12.3829775,1.8787345e-07,3,1,0,1
11948000,11868000,11868000,0,0.020965576,12.30212,-0.017151836,12.383028,9.5028605e-07,3,1,0,1
12012000,11928000,11932000,0,0.049072266,12.302983,-0.044294927,12.384065,6.3373072e-06,3,1,0,1
12068000,11988000,11988000,0,-0.0262146,12.303702,0.032067094,12.384903,3.3211356e-06,3,1,0,1
12132000,12048000,12052000,0,-0.073028564,12.304551,0.0796227,12.386006,2.0473992e-05,3,1,0,1
12188000,12108000,12108000,0,0.096343994,12.305258,-0.09162426,12.385941,2.7111402e-05,3,1,0,1
12252000,12168000,12172000,0,-0.0026550293,12.306092,0.008176858,12.381003,2.1601157e-07,3,1,0,1
12308000,12228000,12228000,0,-0.012023926,12.306785,0.018276451,12.381906,1.0790865e-06,3,1,0,1
12372000,12288000,12292000,0,-0.0541687,12.307606,0.059219282,12.382159,1.1328955e-05,3,1,0,1
12428000,12348000,12348000,0,0.115112305,12.308285,-0.10969381,12.383041,3.886842e-05,3,1,0,1
12492000,12407000,12412000,0,-0.045043945,12.309092,0.05197604,12.384185,8.725674e-06,3,1,0,1
12548000,12468000,12468000,0,-0.07766724,12.309756,0.08508875,12.385122,2.3383203e-05,3,1,0,1
12612000,12528000,12532000,0,-0.0115356445,12.31055,0.017157879,12.385258,9.507846e-07,3,1,0,1
12668000,12588000,12588000,0,-0.17575073,12.3112,0.18128872,12.380987,0.000106180865,3,1,0,1
12732000,12648000,12652000,0,-0.001159668,12.311979,0.006573673,12.382173,1.3959803e-07,3,1,0,1
12788000,12704000,12708000,0,-0.048065186,12.312615,0.05210276,12.382148,8.769714e-06,3,1,0,1
12836000,12756000,12756000,0,-0.014953613,12.313109,0.019333022,12.382834,1.2073673e-06,3,1,0,1
12900000,12816000,12820000,0,0.07437134,12.313869,-0.06921116,12.384018,1.5472151e-05,3,1,0,1
12956000,12876000,12876000,0,-0.06686401,12.3144865,0.0732209,12.38499,1.7315477e-05,3,1,0,1
13020000,12934000,12940000,0,-0.0101623535,12.315232,0.01396191,12.380543,6.2981064e-07,3,1,0,1
13068000,12984000,12988000,0,-0.0993042,12.3157,0.1036449,12.381251,3.4704943e-05,3,1,0,1
13124000,13044000,13044000,0,0.08905029,12.316298,-0.084524415,12.382217,2.3079476e-05,3,1,0,1
13188000,13104000,13108000,0,-0.028778076,12.317024,0.032519765,12.3824,3.4162526e-06,3,1,0,1
13244000,13164000,13164000,0,0.11694336,12.317608,-0.112645,12.383337,4.0986997e-05,3,1,0,1
13308000,13224000,13228000,0,0.0036621094,12.31832,0.002099175,12.384541,1.4232374e-08,3,1,0,1
13364000,13284000,13284000,0,0.013061523,12.31889,-0.0065613366,12.385529,1.390369e-07,3,1,0,1
13428000,13344000,13348000,0,-0.04800415,12.319589,0.05217485,12.381515,8.794449e-06,3,1,0,1
13484000,13404000,13404000,0,-0.038330078,12.320144,0.042938326,12.382465,5.9558406e-06,3,1,0,1
13548000,13464000,13468000,0,-0.06625366,12.3208275,0.07144429,12.383684,1.6487133e-05,3,1,0,1
13604000,13522666,13524000,0,-0.047058105,12.321369,0.05061855,12.383565,8.276253e-06,3,1,0,1
13668000,13584000,13588000,0,-0.056152344,12.32204,0.060166467,12.384749,1.1691811e-05,3,1,0,1
13724000,13644000,13644000,0,-0.022949219,12.322567,0.027314654,12.385718,2.4095182e-06,3,1,0,1
13788000,13704000,13708000,0,-0.102630615,12.323223,0.10761925,12.386965,3.740029e-05,3,1,0,1
13844000,13764000,13764000,0,0.062347412,12.323737,-0.06010735,12.383013,1.1670483e-05,3,1,0,1
13908000,13824000,13828000,0,-0.031921387,12.324379,0.035106152,12.384204,3.98069e-06,3,1,0,1
13964000,13884000,13884000,0,-0.0786438,12.324879,0.08226111,12.385181,2.1854794e-05,3,1,0,1
14028000,13944000,13948000,0,0.09085083,12.325508,-0.088708706,12.38524,2.541488e-05,3,1,0,1
14084000,14004000,14004000,0,0.04336548,12.325994,-0.040189236,12.386182,5.2160535e-06,3,1,0,1
14148000,14064000,14068000,0,-0.027313232,12.326609,0.031416286,12.387397,3.1870559e-06,3,1,0,1
14204000,14124000,14124000,0,0.15597534,12.327082,-0.15137602,12.3883915,7.3987656e-05,3,1,0,1
14268000,14184000,14188000,0,0.08929443,12.327683,-0.08617347,12.384899,2.3983617e-05,3,1,0,1
14324000,14244000,14244000,0,0.10284424,12.328143,-0.09874391,12.385844,3.148872e-05,3,1,0,1
14388000,14304000,14308000,0,0.013031006,12.328732,-0.007771255,12.387063,1.9501768e-07,3,1,0,1
14444000,14364000,14364000,0,0.08807373,12.329178,-0.08396558,12.386811,2.2766853e-05,3,1,0,1
14508000,14424000,14428000,0,-0.07211304,12.329753,0.07722618,12.38799,1.9256982e-05,3,1,0,1
14564000,14484000,14484000,0,-0.0105896,12.330186,0.015888976,12.388948,8.1511206e-07,3,1,0,1
14628000,14544000,14548000,0,-0.015197754,12.330749,0.02023556,12.386868,1.3222968e-06,3,1,0,1
14684000,14604000,14604000,0,-0.0385437,12.331168,0.04235449,12.386612,5.7930383e-06,3,1,0,1
14748000,14664000,14668000,0,-0.010101318,12.331718,0.014231091,12.387791,6.5394704e-07,3,1,0,1
14804000,14724000,14724000,0,-0.03817749,12.332126,0.042691298,12.388748,5.8845235e-06,3,1,0,1
14868000,14784000,14788000,0,0.018432617,12.332663,-0.015034512,12.388682,7.2981624e-07,3,1,0,1
14924000,14844000,14844000,0,-0.00982666,12.333057,0.013676848,12.389602,6.0391346e-07,3,1,0,1
14988000,14904000,14908000,0,0.018432617,12.333582,-0.014203688,12.3907995,6.512728e-07,3,1,0,1
15044000,14964000,14964000,0,-0.04736328,12.333964,0.05127386,12.388643,8.488447e-06,3,1,0,1
15108000,15024000,15028000,0,-0.032958984,12.334477,0.03589584,12.388576,4.160321e-06,3,1,0,1
15164000,15084000,15084000,0,-0.02331543,12.334847,0.026534751,12.389491,2.2731942e-06,3,1,0,1
15228000,15144000,15148000,0,0.028503418,12.335348,-0.024880541,12.390687,1.9984084e-06,3,1,0,1
15284000,15204000,15204000,0,-0.004547119,12.335707,0.007274204,12.390313,1.708239e-07,3,1,0,1
15348000,15264000,15268000,0,0.00491333,12.336195,-0.0017301741,12.391464,9.66311e-09,3,1,0,1
15404000,15324000,15324000,0,-0.08898926,12.336542,0.092625335,12.392393,2.7692642e-05,3,1,0,1
15468000,15384000,15388000,0,-0.078948975,12.337019,0.08155328,12.390629,2.1470865e-05,3,1,0,1
15524000,15444000,15444000,0,-0.050201416,12.337355,0.052930944,12.391593,9.043824e-06,3,1,0,1
15588000,15504000,15508000,0,0.011199951,12.33782,-0.0,12.392853,2.136381e-07,3,1,0,1
15644000,15564000,15564000,0,0.034606934,12.338144,-0.0,12.393878,3.1057837e-06,3,1,0,1
15708000,15624000,15628000,0,0.12359619,12.338599,-0.0,12.395214,4.597349e-05,3,1,0,1
15764000,15684000,15684000,0,-0.008728027,12.338912,0.0135649955,12.396306,5.9375463e-07,3,1,0,1
15828000,15744000,15748000,0,-0.083740234,12.339356,0.088867396,12.394522,2.548679e-05,3,1,0,1
15884000,15804000,15804000,0,-0.0079956055,12.339659,0.013333663,12.395654,5.737062e-07,3,1,0,1
15948000,15864000,15868000,0,0.020263672,12.340092,-0.0,12.39712,6.618363e-07,3,1,0,1
16004000,15924000,15924000,0,-0.08779907,12.340384,0.09434971,12.398329,2.8719574e-05,3,1,0,1
16068000,15984000,15988000,0,-0.06362915,12.340806,0.07050855,12.399891,1.6037093e-05,3,1,0,1
16124000,16044000,16044000,0,0.012023926,12.341087,-0.0,12.401182,7.322428e-08,3,1,0,1
16188000,16104000,16108000,0,0.016693115,12.341499,-0.0,12.402845,2.3780069e-07,3,1,0,1
16244000,16164000,16164000,0,0.063568115,12.341771,-0.0,12.40061,9.955272e-06,3,1,0,1
16308000,16224000,16228000,0,-0.026031494,12.342174,0.034928266,12.402324,3.934694e-06,3,1,0,1
16364000,16284000,16284000,0,-0.030456543,12.342435,0.039974373,12.403749,5.1531206e-06,3,1,0,1
16428000,16344000,16348000,0,-0.034851074,12.342828,0.045101877,12.405578,6.558919e-06,3,1,0,1
16484000,16404000,16404000,0,-0.048583984,12.34308,0.059498735,12.407102,1.1413139e-05,3,1,0,1
16548000,16464000,16468000,0,0.022277832,12.343463,-0.0,12.409052,3.6103884e-07,3,1,0,1
16604000,16521333,16524000,0,0.008117676,12.343705,0.0045803227,12.410679,6.761711e-08,3,1,0,1
16652000,16572000,16572000,0,-0.15148926,12.343809,0.16419445,12.407688,8.691327e-05,3,1,0,1
16716000,16632000,16636000,0,-0.07043457,12.344181,0.08353797,12.409733,2.2493934e-05,3,1,0,1
16772000,16692000,16692000,0,-0.13082886,12.344413,0.14461543,12.411447,6.740107e-05,3,1,0,1
16836000,16752000,16756000,0,0.02520752,12.344776,-0.0,12.413626,3.8308664e-07,3,1,0,1
16892000,16812000,16812000,0,0.029815674,12.344999,-0.0,12.415454,6.603376e-07,3,1,0,1
16956000,16872000,16876000,0,0.062561035,12.345354,-0.0,12.417773,6.705766e-06,3,1,0,1
17012000,16932000,16932000,0,-0.0082092285,12.345568,0.025035007,12.41462,2.0193984e-06,3,1,0,1
17076000,16992000,16996000,0,0.029541016,12.345914,-0.0,12.416969,4.1638012e-07,3,1,0,1
17132000,17052000,17052000,0,-0.153656,12.346119,0.17317204,12.418943,9.658972e-05,3,1,0,1
17196000,17112000,17116000,0,-0.0067749023,12.346457,0.02682026,12.421442,2.316402e-06,3,1,0,1
17252000,17172000,17172000,0,-0.0440979,12.346654,0.06535417,12.423541,1.3751852e-05,3,1,0,1
17316000,17231000,17236000,0,0.022155762,12.346984,0.0003015548,12.426192,2.9272135e-10,3,1,0,1
17372000,17292000,17292000,0,0.017456055,12.347174,0.0064414274,12.428419,1.3353907e-07,3,1,0,1
17436000,17352000,17356000,0,-0.062316895,12.347495,0.08533943,12.424865,2.3445946e-05,3,1,0,1
17492000,17412000,17412000,0,-0.066345215,12.347676,0.09027547,12.427097,2.6231903e-05,3,1,0,1
17556000,17472000,17476000,0,0.014190674,12.34799,0.010835595,12.42991,3.77831e-07,3,1,0,1
17612000,17532000,17532000,0,0.28659058,12.348165,-0.0,12.432274,0.00021782776,3,1,0,1
17676000,17592000,17596000,0,0.016937256,12.348471,0.011069387,12.435246,3.9414203e-07,3,1,0,1
17732000,17652000,17652000,0,0.026397705,12.348638,0.0029490981,12.43774,2.7970287e-08,3,1,0,1
17796000,17712000,17716000,0,0.059295654,12.348937,-0.0,12.440873,2.5784273e-06,3,1,0,1
17852000,17772000,17772000,0,0.054382324,12.349096,-0.0,12.435569,2.044071e-06,3,1,0,1
17916000,17832000,17836000,0,0.021331787,12.349388,0.009453505,12.438671,2.8739007e-07,3,1,0,1
17972000,17892000,17892000,0,-0.020874023,12.349541,0.053059023,12.441273,9.051356e-06,3,1,0,1
18036000,17952000,17956000,0,-0.029846191,12.349826,0.063344896,12.444537,1.2897469e-05,3,1,0,1
18092000,18012000,18012000,0,-0.057495117,12.349972,0.09169681,12.44727,2.702056e-05,3,1,0,1
18156000,18072000,18076000,0,0.051239014,12.35025,-0.0,12.450691,9.692135e-07,3,1,0,1
18212000,18132000,18132000,0,0.07455444,12.3503895,-0.0,12.443947,6.5854415e-06,3,1,0,1
18276000,18192000,18196000,0,0.003753662,12.350661,0.022893934,12.447296,1.6843247e-06,3,1,0,1
18332000,18252000,18252000,0,-0.014831543,12.350793,0.037531726,12.450097,4.525685e-06,3,1,0,1
18396000,18312000,18316000,0,-0.019226074,12.351059,0.035781287,12.4536,4.112226e-06,3,1,0,1
18452000,18372000,18372000,0,0.10784912,12.351185,-0.0,12.456522,3.095155e-05,3,1,0,1
18516000,18432000,18436000,0,0.02255249,12.351445,-0.0,12.460178,1.6451111e-06,3,1,0,1
18572000,18492000,18492000,0,0.022369385,12.351565,-0.0,12.463204,3.5776704e-06,3,1,0,1
18636000,18551000,18556000,0,-0.062438965,12.351819,0.032027908,12.455317,3.2942942e-06,3,1,0,1
18692000,18612000,18612000,0,-0.23117065,12.3519335,0.18377647,12.458252,0.0001084383,3,1,0,1
18756000,18671000,18676000,0,-0.20620728,12.3521805,0.13455406,12.461926,5.811235e-05,3,1,0,1
18812000,18732000,18732000,0,0.029632568,12.352289,-0.0,12.464965,5.04885e-05,3,1,0,1
18876000,18792000,18796000,0,-0.21554565,12.352531,0.089934275,12.468782,2.5946954e-05,3,1,0,1
18932000,18852000,18852000,0,-0.15377808,12.352634,-0.0,12.471937,9.558304e-09,3,1,0,1
18996000,18912000,18916000,0,-0.17254639,12.352872,-0.0,12.475879,1.1178009e-06,3,1,0,1
19052000,18972000,18972000,0,-0.29006958,12.35297,0.06242144,12.465374,1.2503232e-05,3,1,0,1
19116000,19032000,19036000,0,-0.33181763,12.353201,0.06607205,12.46917,1.4004189e-05,3,1,0,1
19172000,19092000,19092000,0,-0.3078003,12.353293,0.009077311,12.472303,2.6425772e-07,3,1,0,1
19236000,19152000,19156000,0,-0.3499756,12.353519,0.0147720575,12.476218,6.996148e-07,3,1,0,1
19292000,19212000,19212000,0,-0.39682007,12.353607,0.02954784,12.479448,2.7984406e-06,3,1,0,1
19356000,19272000,19276000,0,-0.39657593,12.353828,-0.0,12.483504,2.002068e-07,3,1,0,1
19412000,19332000,19332000,0,-0.4623413,12.353911,0.025104254,12.486801,2.0188472e-06,3,1,0,1
19476000,19392000,19396000,0,-0.5935974,12.354128,0.11289358,12.475074,4.0865365e-05,3,1,0,1
19532000,19452000,19452000,0,-0.55041504,12.354205,0.03458953,12.478246,3.835268e-06,3,1,0,1
19596000,19511000,19516000,0,-0.6768799,12.354417,0.12137127,12.482209,4.720634e-05,3,1,0,1
19652000,19572000,19572000,0,-0.61016846,12.354489,0.018515944,12.485467,1.0983656e-06,3,1,0,1
19716000,19632000,19636000,0,-0.72268677,12.354696,0.09058958,12.489567,2.628265e-05,3,1,0,1
19772000,19692000,19692000,0,-0.54351807,12.354765,-0.0,12.492901,5.0052033e-05,3,1,0,1
19836000,19752000,19756000,0,-0.76989746,12.354968,0.055296898,12.479621,9.800769e-06,3,1,0,1
19892000,19812000,19812000,0,-0.71780396,12.355032,-0.0,12.482792,3.5672913e-06,3,1,0,1
19956000,19872000,19876000,0,-0.84954834,12.355229,0.05701399,12.486782,1.0412915e-05,3,1,0,1
20012000,19932000,19932000,0,-1.0227661,12.355289,0.19339412,12.489998,0.00011977997,3,1,0,1
20076000,19992000,19996000,0,-0.8474426,12.355483,-0.0,12.494091,2.105598e-06,3,1,0,1
20132000,20052000,20052000,0,-1.0401306,12.355539,0.13066143,12.497405,5.4643057e-05,3,1,0,1
20196000,20111000,20116000,0,-0.9592285,12.355729,0.006723404,12.501592,1.446349e-07,3,1,0,1
20252000,20172000,20172000,0,-0.9685669,12.355782,-0.0,12.485969,2.6440548e-06,3,1,0,1
20316000,20232000,20236000,0,-0.98287964,12.355967,-0.0,12.489924,1.0009457e-05,3,1,0,1
20372000,20292000,20292000,0,-1.2791748,12.356014,0.2042296,12.49313,0.00013354453,3,1,0,1
20436000,20351000,20356000,0,-1.2117004,12.356196,0.09345746,12.497137,2.7956152e-05,3,1,0,1
20492000,20412000,20412000,0,-1.2860107,12.35624,0.13092911,12.500399,5.485403e-05,3,1,0,1
20556000,20472000,20476000,0,-1.2755432,12.356419,0.078327656,12.504533,1.9625593e-05,3,1,0,1
20612000,20532000,20532000,0,-1.232605,12.35646,-0.0,12.488022,2.6149067e-07,3,1,0,1
20676000,20592000,20596000,0,-1.3218994,12.356633,0.04022312,12.491871,5.1806473e-06,3,1,0,1
20732000,20652000,20652000,0,-1.4530334,12.356669,0.13620496,12.495013,5.9389422e-05,3,1,0,1
20796000,20712000,20716000,0,-1.3532715,12.356841,-0.0,12.498997,6.14214e-08,3,1,0,1
20852000,20772000,20772000,0,-1.50354,12.3568735,0.11188698,12.502137,4.0052975e-05,3,1,0,1
20916000,20832000,20836000,0,-1.4086914,12.357041,-0.0,12.506195,1.6361647e-06,3,1,0,1
20972000,20892000,20892000,0,-1.46521,12.357072,0.0008684397,12.509431,2.4115803e-09,3,1,0,1
21036000,20952000,20956000,0,-1.5591125,12.357237,0.04835844,12.492682,7.4877075e-06,3,1,0,1
21092000,21012000,21012000,0,-1.6244202,12.357263,0.08090973,12.495697,2.0955644e-05,3,1,0,1
21156000,21072000,21076000,0,-1.5908508,12.357424,0.010143995,12.499591,3.2929282e-07,3,1,0,1
21212000,21132000,21132000,0,-1.6705627,12.357447,0.058518887,12.502707,1.09559005e-05,3,1,0,1
21276000,21192000,21196000,0,-1.7311096,12.357605,0.08332896,12.506613,2.2208142e-05,3,1,0,1
21332000,21252000,21252000,0,-1.5050659,12.357626,-0.0,12.509767,9.655334e-05,3,1,0,1
21396000,21312000,21316000,0,-1.7788696,12.357781,0.06642258,12.513796,1.4102705e-05,3,1,0,1
21452000,21372000,21372000,0,-1.8580933,12.3578,0.10521889,12.495556,3.5439847e-05,3,1,0,1
21516000,21431000,21436000,0,-1.8853455,12.357951,0.10041511,12.499301,3.2268028e-05,3,1,0,1
21572000,21492000,21492000,0,-1.8891907,12.357965,0.07859969,12.502333,1.9765628e-05,3,1,0,1
21636000,21552000,21556000,0,-1.8087158,12.358114,-0.0,12.506204,2.3390728e-06,3,1,0,1
21692000,21612000,21612000,0,-1.9544983,12.358126,0.101462126,12.509213,3.291834e-05,3,1,0,1
21756000,21672000,21676000,0,-1.9207458,12.3582735,0.051389694,12.513145,8.442004e-06,3,1,0,1
21812000,21732000,21732000,0,-1.9202881,12.358283,0.028548598,12.4947815,2.6091611e-06,3,1,0,1
21876000,21792000,21796000,0,-1.9294434,12.358426,0.028048635,12.498486,2.517828e-06,3,1,0,1
21932000,21852000,21852000,0,-2.04187,12.358432,0.13317049,12.501388,5.674371e-05,3,1,0,1
21996000,21912000,21916000,0,-1.9562073,12.358573,0.038729787,12.505164,4.7980066e-06,3,1,0,1
22052000,21972000,21972000,0,-1.988739,12.358577,0.06447744,12.508157,1.3294814e-05,3,1,0,1
22116000,22031000,22036000,0,-2.0398254,12.358716,0.10692513,12.511943,3.6550624e-05,3,1,0,1
22172000,22088000,22092000,0,-1.9919739,12.358717,0.050239325,12.514964,8.067109e-06,3,1,0,1
22220000,22140000,22140000,0,-1.8882446,12.358584,-0.0,12.495528,1.6817936e-05,3,1,0,1
22284000,22200000,22204000,0,-2.0532227,12.358722,0.08228731,12.499168,2.1669286e-05,3,1,0,1
22340000,22260000,22260000,0,-2.0759888,12.358723,0.09474349,12.502021,2.871961e-05,3,1,0,1
22404000,22320000,22324000,0,-2.0422974,12.358859,0.049265027,12.505734,7.762976e-06,3,1,0,1
22460000,22380000,22380000,0,-2.084137,12.358858,0.08124709,12.508671,2.1108845e-05,3,1,0,1
22524000,22440000,22444000,0,-2.130371,12.358992,0.11592722,12.512401,4.296256e-05,3,1,0,1
22580000,22500000,22500000,0,-2.0636292,12.358989,0.038745403,12.515367,4.797962e-06,3,1,0,1
22644000,22560000,22564000,0,-2.0820923,12.359121,0.035316706,12.497449,3.992078e-06,3,1,0,1
22700000,22620000,22620000,0,-2.1662903,12.359115,0.11035514,12.500278,3.8969556e-05,3,1,0,1
22764000,22680000,22684000,0,-2.1277466,12.359244,0.060639143,12.503876,1.1763092e-05,3,1,0,1
22820000,22740000,22740000,0,-2.1741943,12.359236,0.09795022,12.506748,3.068502e-05,3,1,0,1
22884000,22800000,22804000,0,-2.2202759,12.359364,0.13343954,12.510449,5.6931964e-05,3,1,0,1
22940000,22860000,22860000,0,-2.143982,12.359354,0.047340155,12.513321,7.1638547e-06,3,1,0,1
23004000,22918000,22924000,0,-2.195221,12.35948,0.088973284,12.517079,2.5297422e-05,3,1,0,1
23052000,22968000,22972000,0,-2.217926,12.359333,0.09084296,12.49756,2.6412976e-05,3,1,0,1
23108000,23028000,23028000,0,-2.1936646,12.3593235,0.05771804,12.500352,1.0660091e-05,3,1,0,1
23172000,23086000,23092000,0,-2.2682495,12.359448,0.12274504,12.503914,4.8197213e-05,3,1,0,1
23220000,23136000,23140000,0,-2.2578125,12.359302,0.104474545,12.505961,3.4911125e-05,3,1,0,1
23276000,23196000,23196000,0,-2.200531,12.359293,0.038737774,12.508816,4.798584e-06,3,1,0,1
23340000,23256000,23260000,0,-2.1532593,12.35942,-0.0,12.512472,9.2149133e-07,3,1,0,1
23396000,23316000,23316000,0,-2.214447,12.359409,0.037631035,12.515359,4.5259426e-06,3,1,0,1
23460000,23376000,23380000,0,-2.2469788,12.359534,0.049649715,12.497642,7.88979e-06,3,1,0,1
23516000,23436000,23436000,0,-2.2841187,12.359521,0.079977036,12.500407,2.0467576e-05,3,1,0,1
23580000,23496000,23500000,0,-2.2129822,12.359643,0.00093626976,12.503947,2.8042377e-09,3,1,0,1
23636000,23556000,23556000,0,-2.264618,12.359628,0.04676819,12.50676,6.99546e-06,3,1,0,1
23700000,23616000,23620000,0,-2.1703186,12.359749,-0.0,12.510392,9.43431e-06,3,1,0,1
23756000,23676000,23676000,0,-2.3163757,12.359732,0.0865345,12.513221,2.3936986e-05,3,1,0,1
23820000,23736000,23740000,0,-2.1935425,12.359851,-0.0,12.495676,1.0283071e-05,3,1,0,1
23876000,23796000,23796000,0,-2.2644348,12.359832,0.00936389,12.498402,2.8061964e-07,3,1,0,1
23940000,23856000,23860000,0,-2.3206787,12.359948,0.06022024,12.501914,1.1602951e-05,3,1,0,1
23996000,23916000,23916000,0,-2.2497559,12.359928,-0.0,12.504677,8.08679e-07,3,1,0,1
24060000,23976000,23980000,0,-2.240509,12.360044,-0.0,12.508265,2.8647037e-06,3,1,0,1
24116000,24036000,24036000,0,-2.250183,12.360022,-0.0,12.5110855,1.8698e-06,3,1,0,1
24180000,24096000,24100000,0,-2.3208008,12.360135,0.0422287,12.514726,5.699727e-06,3,1,0,1
24236000,24156000,24156000,0,-2.456604,12.360112,0.159482,12.496484,8.1413324e-05,3,1,0,1
24300000,24216000,24220000,0,-2.380066,12.360224,0.07735729,12.499956,1.914935e-05,3,1,0,1
24356000,24276000,24276000,0,-2.3277588,12.360198,0.021028757,12.502706,1.4147614e-06,3,1,0,1
24420000,24336000,24340000,0,-2.4308777,12.360309,0.12050676,12.5062475,4.6446803e-05,3,1,0,1
24476000,24396000,24396000,0,-2.3453064,12.360282,0.030898571,12.509047,3.0529e-06,3,1,0,1
24540000,24456000,24460000,0,-2.2886658,12.360392,-0.0,12.512671,2.6319785e-06,3,1,0,1
24596000,24516000,24516000,0,-2.3781128,12.360364,0.05879712,12.5155,1.1049024e-05,3,1,0,1
24660000,24576000,24580000,0,-2.4245605,12.360473,0.08821607,12.498024,2.4906576e-05,3,1,0,1
24716000,24636000,24636000,0,-2.3721313,12.360442,0.03324914,12.500751,3.5374044e-06,3,1,0,1
24780000,24696000,24700000,0,-2.4140625,12.360548,0.07320142,12.504272,1.7141174e-05,3,1,0,1
24836000,24756000,24756000,0,-2.4322205,12.3605175,0.08929229,12.507046,2.5499588e-05,3,1,0,1
24892000,24812000,24812000,0,-2.4267273,12.360487,0.081766844,12.509848,2.1377773e-05,3,1,0,1
24948000,24864000,24868000,0,-2.3320923,12.360457,-0.0,12.5126705,6.8659784e-07,3,1,0,1
25004000,24922666,24924000,0,-2.3275146,12.360429,-0.0,12.515506,1.2690109e-06,3,1,0,1
25068000,24982000,24988000,0,-2.3417969,12.360536,-0.0,12.498129,1.3278424e-06,3,1,0,1
25116000,25032000,25036000,0,-2.3137817,12.36037,-0.0,12.500107,7.65513e-06,3,1,0,1
25172000,25090666,25092000,0,-2.4691467,12.360341,0.10595322,12.502863,3.5915244e-05,3,1,0,1
25236000,25150000,25156000,0,-2.4776,12.360449,0.112686396,12.506418,4.061346e-05,3,1,0,1
25284000,25200000,25204000,0,-2.4718933,12.360285,0.10535002,12.508434,3.5491656e-05,3,1,0,1
25340000,25258666,25260000,0,-2.3489075,12.360259,-0.0,12.511261,1.1795922e-06,3,1,0,1
25404000,25320000,25324000,0,-2.3115234,12.360369,-0.0,12.514926,1.0333181e-05,3,1,0,1
25460000,25380000,25380000,0,-2.4810486,12.360342,0.09647727,12.49686,2.9792649e-05,3,1,0,1
25524000,25440000,25444000,0,-2.456726,12.360449,0.070661545,12.500347,1.597733e-05,3,1,0,1
25580000,25500000,25500000,0,-2.451416,12.36042,0.064239025,12.503115,1.3201997e-05,3,1,0,1
25644000,25560000,25564000,0,-2.389801,12.360526,0.0016374588,12.506684,8.5754825e-09,3,1,0,1
25700000,25620000,25620000,0,-2.516571,12.360496,0.12836409,12.509502,5.2687436e-05,3,1,0,1
25764000,25680000,25684000,0,-2.4074402,12.360601,0.01779461,12.513154,1.0122087e-06,3,1,0,1
25820000,25740000,25740000,0,-2.519989,12.36057,0.113471985,12.495264,4.121847e-05,3,1,0,1
25884000,25800000,25804000,0,-2.4579468,12.360673,0.05022168,12.498731,8.0719155e-06,3,1,0,1
25940000,25858666,25860000,0,-2.4997253,12.36064,0.09160805,12.501487,2.6851316e-05,3,1,0,1
26004000,25920000,25924000,0,-2.3815308,12.360743,-0.0,12.505047,2.390153e-06,3,1,0,1
26060000,25980000,25980000,0,-2.508545,12.360708,0.100087404,12.507856,3.2035827e-05,3,1,0,1
26124000,26040000,26044000,0,-2.3667908,12.360809,-0.0,12.511496,5.6610984e-06,3,1,0,1
26180000,26100000,26100000,0,-2.3953552,12.360775,-0.0,12.514357,5.0836695e-07,3,1,0,1
26244000,26160000,26164000,0,-2.4518127,12.360875,0.028974295,12.497124,2.6870496e-06,3,1,0,1
26300000,26220000,26220000,0,-2.493805,12.360838,0.07160282,12.4998665,1.6406459e-05,3,1,0,1
26364000,26280000,26284000,0,-2.493164,12.360937,0.07139158,12.503411,1.6305175e-05,3,1,0,1
26420000,26340000,26340000,0,-2.520691,12.360899,0.09931517,12.506216,3.154752e-05,3,1,0,1
26484000,26400000,26404000,0,-2.4634705,12.360997,0.042564154,12.509843,5.7929014e-06,3,1,0,1
26540000,26460000,26460000,0,-2.5804749,12.360959,0.16072798,12.512699,8.258325e-05,3,1,0,1
26604000,26520000,26524000,0,-2.5321045,12.361056,0.11248636,12.516403,4.0437113e-05,3,1,0,1
26660000,26580000,26580000,0,-2.5404968,12.361017,0.10336137,12.498169,3.4192442e-05,3,1,0,1
26724000,26640000,26644000,0,-2.5442505,12.361113,0.107969046,12.501692,3.7298356e-05,3,1,0,1
26780000,26700000,26700000,0,-2.5292358,12.361072,0.0935967,12.504488,2.802303e-05,3,1,0,1
26844000,26760000,26764000,0,-2.5002441,12.361167,0.06579614,12.508101,1.3844247e-05,3,1,0,1
26900000,26820000,26820000,0,-2.5184326,12.361125,0.08535838,12.51095,2.3294964e-05,3,1,0,1
26964000,26880000,26884000,0,-2.442566,12.361219,0.011206627,12.514643,4.0141293e-07,3,1,0,1
27020000,26940000,26940000,0,-2.5504456,12.361177,0.103116274,12.496559,3.403486e-05,3,1,0,1
27084000,27000000,27004000,0,-2.5072937,12.36127,0.061581373,12.500065,1.2135187e-05,3,1,0,1
27140000,27060000,27060000,0,-2.4785461,12.361226,0.03466773,12.502851,3.845048e-06,3,1,0,1
27204000,27118000,27124000,0,-2.5909424,12.361319,0.1496818,12.50645,7.165788e-05,3,1,0,1
27260000,27178666,27180000,0,-2.4440613,12.361274,0.0037369728,12.509294,4.465469e-08,3,1,0,1
27324000,27240000,27244000,0,-2.5191345,12.361365,0.08188987,12.512974,2.1436792e-05,3,1,0,1
27380000,27300000,27300000,0,-2.480835,12.3613205,0.045419216,12.515866,6.5929275e-06,3,1,0,1
27444000,27360000,27364000,0,-2.522705,12.361412,0.07181406,12.498426,1.6505308e-05,3,1,0,1
27500000,27418666,27420000,0,-2.423462,12.361365,-0.0,12.5012,2.096631e-06,3,1,0,1
27564000,27480000,27484000,0,-2.4612427,12.361455,0.015220642,12.504782,7.4105395e-07,3,1,0,1
27620000,27540000,27540000,0,-2.517456,12.361408,0.07397103,12.507617,1.7498822e-05,3,1,0,1
27684000,27600000,27604000,0,-2.5778198,12.361497,0.13672209,12.511284,5.9763424e-05,3,1,0,1
27740000,27660000,27660000,0,-2.5859985,12.36145,0.14622831,12.514171,6.834722e-05,3,1,0,1
27804000,27720000,27724000,0,-2.5377197,12.361539,0.09965587,12.517914,3.1734653e-05,3,1,0,1
27860000,27780000,27780000,0,-2.5368347,12.361491,0.0820272,12.49953,2.1531885e-05,3,1,0,1
27924000,27838000,27844000,0,-2.493866,12.361579,0.041352987,12.503092,5.4708694e-06,3,1,0,1
27980000,27898666,27900000,0,-2.512268,12.361529,0.06208849,12.505916,1.2330102e-05,3,1,0,1
28044000,27960000,27964000,0,-2.4506836,12.361616,0.003058672,12.509565,2.9914627e-08,3,1,0,1
28100000,28020000,28020000,0,-2.4553528,12.361567,0.010719299,12.5124445,3.673251e-07,3,1,0,1
28164000,28080000,28084000,0,-2.530365,12.361653,0.08921218,12.516174,2.5435289e-05,3,1,0,1
28220000,28140000,28140000,0,-2.5436707,12.361604,0.08199859,12.497834,2.1519785e-05,3,1,0,1
28284000,28200000,28204000,0,-2.52417,12.361689,0.06498933,12.501373,1.3514075e-05,3,1,0,1
28340000,28260000,28260000,0,-2.5141907,12.361637,0.057248116,12.504184,1.0484001e-05,3,1,0,1
28404000,28320000,28324000,0,-2.6545105,12.361722,0.20039248,12.507814,0.00012842259,3,1,0,1
28460000,28380000,28380000,0,-2.5306396,12.3616705,0.07731867,12.510683,1.9113828e-05,3,1,0,1
28524000,28440000,28444000,0,-2.605072,12.361755,0.15457106,12.514397,7.636712e-05,3,1,0,1
28580000,28500000,28500000,0,-2.5050964,12.361704,0.056108475,12.517312,1.0060182e-05,3,1,0,1
28644000,28560000,28564000,0,-2.6126099,12.361789,0.14472389,12.499545,6.7026456e-05,3,1,0,1
28700000,28618666,28620000,0,-2.4798584,12.361735,0.013763905,12.502338,6.061108e-07,3,1,0,1
28764000,28680000,28684000,0,-2.5783386,12.361818,0.116078615,12.505944,4.3097087e-05,3,1,0,1
28820000,28740000,28740000,0,-2.5726013,12.361765,0.11260581,12.508798,4.0547682e-05,3,1,0,1
28884000,28800000,28804000,0,-2.5058594,12.361848,0.0488832,12.512489,7.638982e-06,3,1,0,1
28940000,28860000,28860000,0,-2.5899353,12.361794,0.13641787,12.515393,5.947823e-05,3,1,0,1
29004000,28918000,28924000,0,-2.5042114,12.361877,0.05383253,12.51916,9.25922e-06,3,1,0,1
29060000,28977333,28980000,0,-2.5882263,12.361824,0.11681819,12.500562,4.36668e-05,3,1,0,1
29108000,29028000,29028000,0,-2.5918884,12.361635,0.122642756,12.502596,4.812199e-05,3,1,0,1
29172000,29088000,29092000,0,-2.5297546,12.36172,0.063753605,12.506213,1.3000009e-05,3,1,0,1
29228000,29148000,29148000,0,-2.6465454,12.361668,0.18396449,12.509074,0.00010821882,3,1,0,1
29292000,29208000,29212000,0,-2.5697937,12.3617525,0.110040426,12.512776,3.8708902e-05,3,1,0,1
29348000,29264000,29268000,0,-2.4608154,12.361701,0.004371643,12.515689,6.107938e-08,3,1,0,1
29396000,29316000,29316000,0,-2.484253,12.361515,0.031915426,12.517779,3.2548728e-06,3,1,0,1
29460000,29376000,29380000,0,-2.5591125,12.361604,0.085449696,12.500115,2.3365064e-05,3,1,0,1
29516000,29436000,29436000,0,-2.5160828,12.361553,0.04624772,12.502926,6.8427235e-06,3,1,0,1
29580000,29496000,29500000,0,-2.5766907,12.36164,0.11183286,12.506554,4.000011e-05,3,1,0,1
29636000,29556000,29556000,0,-2.4677124,12.361589,0.0064179897,12.509423,1.317106e-07,3,1,0,1
29700000,29616000,29620000,0,-2.6648254,12.361676,0.20909786,12.513135,0.00013976326,3,1,0,1
29756000,29676000,29676000,0,-2.4516907,12.361626,-0.0016071796,12.516054,8.255082e-09,3,1,0,1
29820000,29736000,29740000,0,-2.6254272,12.3617115,0.15143156,12.498333,7.339065e-05,3,1,0,1
29876000,29796000,29796000,0,-2.591217,12.361659,0.12011266,12.501122,4.6162415e-05,3,1,0,1
29940000,29856000,29860000,0,-2.547882,12.361744,0.08055425,12.504723,2.0756916e-05,3,1,0,1
29996000,29916000,29916000,0,-2.518982,12.361691,0.055160284,12.507574,9.730606e-06,3,1,0,1
30060000,29976000,29980000,0,-2.574829,12.361775,0.11546874,12.51126,4.26273e-05,3,1,0,1
30116000,30036000,30036000,0,-2.559723,12.361724,0.10357094,12.514165,3.428735e-05,3,1,0,1
30180000,30096000,30100000,0,-2.5165405,12.361808,0.06443858,12.517928,1.3268427e-05,3,1,0,1
30236000,30156000,30156000,0,-2.5675964,12.361755,0.09183192,12.499285,2.6987469e-05,3,1,0,1
30300000,30216000,30220000,0,-2.5761719,12.361837,0.10433698,12.502853,3.4827903e-05,3,1,0,1
30356000,30276000,30276000,0,-2.5705261,12.361784,0.10183573,12.505687,3.3170556e-05,3,1,0,1
30420000,30336000,30340000,0,-2.4898071,12.361866,0.024940252,12.509345,1.988965e-06,3,1,0,1
30476000,30396000,30396000,0,-2.5646973,12.361813,0.10406637,12.512232,3.4621513e-05,3,1,0,1
30540000,30456000,30460000,0,-2.615448,12.361895,0.15894794,12.51597,8.074308e-05,3,1,0,1
30596000,30516000,30516000,0,-2.5388794,12.36184,0.08530116,12.518902,2.3248967e-05,3,1,0,1
30660000,30576000,30580000,0,-2.5099487,12.361923,0.03290558,12.500956,3.4646216e-06,3,1,0,1
30716000,30636000,30636000,0,-2.542511,12.361867,0.069740295,12.503765,1.5559182e-05,3,1,0,1
30780000,30696000,30700000,0,-2.7437744,12.361948,0.27550912,12.507395,0.00024275327,3,1,0,1
30836000,30756000,30756000,0,-2.5863647,12.361893,0.11955547,12.510263,4.5701712e-05,3,1,0,1
30900000,30816000,30820000,0,-2.557129,12.361974,0.09440923,12.513975,2.8490078e-05,3,1,0,1
30956000,30876000,30876000,0,-2.5750732,12.3619175,0.11625075,12.5168915,4.31872e-05,3,1,0,1
31020000,30936000,30940000,0,-2.5787354,12.361999,0.093616486,12.49903,2.8047125e-05,3,1,0,1
31076000,30996000,30996000,0,-2.545044,12.361941,0.06370807,12.501818,1.2986008e-05,3,1,0,1
31140000,31056000,31060000,0,-2.5115967,12.3620205,0.035147667,12.505416,3.9514352e-06,3,1,0,1
31196000,31116000,31116000,0,-2.5206604,12.361963,0.0487957,12.508264,7.6142314e-06,3,1,0,1
31260000,31176000,31180000,0,-2.5343323,12.362043,0.067691565,12.511948,1.4648872e-05,3,1,0,1
31316000,31236000,31236000,0,-2.55719,12.361986,0.0949049,12.514847,2.8788016e-05,3,1,0,1
31380000,31296000,31300000,0,-2.476532,12.362065,0.019079447,12.518606,1.1631496e-06,3,1,0,1
31436000,31356000,31356000,0,-2.5185852,12.362009,0.034998655,12.499852,3.919745e-06,3,1,0,1
31500000,31414000,31420000,0,-2.5511475,12.362086,0.07259202,12.503417,1.6858117e-05,3,1,0,1
31548000,31464000,31468000,0,-2.5974731,12.361893,0.1221323,12.50546,4.7711317e-05,3,1,0,1
31604000,31524000,31524000,0,-2.540039,12.361838,0.067976,12.50831,1.4776532e-05,3,1,0,1
31668000,31584000,31588000,0,-2.52063,12.36192,0.053222418,12.511997,9.055711e-06,3,1,0,1
31724000,31644000,31644000,0,-2.5201416,12.361865,0.056976557,12.514898,1.0375883e-05,3,1,0,1
31788000,31704000,31708000,0,-2.467987,12.361947,0.009866238,12.518661,3.1103212e-07,3,1,0,1
31844000,31764000,31764000,0,-2.5758667,12.361892,0.09086394,12.499948,2.6420132e-05,3,1,0,1
31908000,31824000,31828000,0,-2.636078,12.361972,0.15541339,12.503517,7.7268895e-05,3,1,0,1
31964000,31884000,31884000,0,-2.5407715,12.361916,0.062999964,12.506347,1.26943405e-05,3,1,0,1
32028000,31944000,31948000,0,-2.4932861,12.361996,0.020185947,12.510005,1.3028691e-06,3,1,0,1
32084000,32004000,32004000,0,-2.643341,12.361939,0.17488575,12.512888,9.777128e-05,3,1,0,1
32148000,32064000,32068000,0,-2.6089172,12.36202,0.14408803,12.516624,6.634811e-05,3,1,0,1
32204000,32124000,32124000,0,-2.5841675,12.361963,0.12272096,12.519552,4.8118123e-05,3,1,0,1
32268000,32184000,32188000,0,-2.630005,12.362044,0.14021921,12.50164,6.290831e-05,3,1,0,1
32324000,32242666,32244000,0,-2.5207825,12.361986,0.03418994,12.504449,3.7393154e-06,3,1,0,1
32380000,32300000,32300000,0,-2.5533447,12.36193,0.07119274,12.507287,1.6209451e-05,3,1,0,1
32436000,32352000,32356000,0,-2.5574036,12.361875,0.07933712,12.51015,2.012567e-05,3,1,0,1
32492000,32412000,32412000,0,-2.57547,12.36182,0.1015358,12.513037,3.2956086e-05,3,1,0,1
32556000,32472000,32476000,0,-2.5698547,12.361902,0.10070968,12.516777,3.2412303e-05,3,1,0,1
32612000,32532000,32532000,0,-2.5642395,12.361849,0.099244356,12.519709,3.14686e-05,3,1,0,1
32676000,32592000,32596000,0,-2.5258179,12.361931,0.03288269,12.501731,3.4595892e-06,3,1,0,1
32732000,32652000,32652000,0,-2.5536804,12.361876,0.065374136,12.504543,1.367112e-05,3,1,0,1
32796000,32712000,32716000,0,-2.632904,12.361956,0.14961815,12.508176,7.158706e-05,3,1,0,1
32852000,32772000,32772000,0,-2.5846252,12.3619,0.104758024,12.511045,3.5086578e-05,3,1,0,1
32916000,32830000,32836000,0,-2.6447144,12.36198,0.16973662,12.514759,9.208494e-05,3,1,0,1
32964000,32880000,32884000,0,-2.6150208,12.36179,0.14273858,12.516839,6.511005e-05,3,1,0,1
33020000,32940000,32940000,0,-2.5949402,12.361738,0.0948143,12.49829,2.8771141e-05,3,1,0,1
33084000,33000000,33004000,0,-2.6222534,12.36182,0.12703538,12.501837,5.163397e-05,3,1,0,1
33140000,33060000,33060000,0,-2.6211243,12.361767,0.12969708,12.504652,5.3808242e-05,3,1,0,1
33204000,33120000,33124000,0,-2.6387634,12.36185,0.15189195,12.50829,7.37788e-05,3,1,0,1
33260000,33180000,33180000,0,-2.5857239,12.361795,0.102540016,12.511162,3.3616237e-05,3,1,0,1
33324000,33240000,33244000,0,-2.4580383,12.361878,-0.019850492,12.51488,1.2594353e-06,3,1,0,1
33380000,33300000,33300000,0,-2.5896912,12.361825,0.11805725,12.517798,4.4536635e-05,3,1,0,1
33444000,33360000,33364000,0,-2.6167908,12.361907,0.11869955,12.49994,4.5086883e-05,3,1,0,1
33500000,33420000,33420000,0,-2.4889526,12.361852,-0.004602909,12.502734,6.778284e-08,3,1,0,1
33564000,33480000,33484000,0,-2.5453491,12.361933,0.058633327,12.506342,1.0995596e-05,3,1,0,1
33620000,33540000,33540000,0,-2.5448303,12.361877,0.063438654,12.509195,1.2868814e-05,3,1,0,1
33684000,33600000,33604000,0,-2.4878845,12.3619585,0.012778521,12.512887,5.2199175e-07,3,1,0,1
33740000,33660000,33660000,0,-2.581665,12.361903,0.11275673,12.515789,4.063373e-05,3,1,0,1
33804000,33720000,33724000,0,-2.5243225,12.361984,0.061460733,12.519554,1.206887e-05,3,1,0,1
33860000,33780000,33780000,0,-2.6411438,12.361929,0.15202284,12.50088,7.3949814e-05,3,1,0,1
33924000,33840000,33844000,0,-2.5130005,12.362008,0.029106855,12.504459,2.710102e-06,3,1,0,1
33980000,33900000,33900000,0,-2.5925598,12.361951,0.114314795,12.507294,4.1792806e-05,3,1,0,1
34044000,33960000,33964000,0,-2.469452,12.362031,-0.0033006668,12.51096,3.4831544e-08,3,1,0,1
34100000,34020000,34020000,0,-2.460083,12.361974,-0.0065612793,12.513846,1.3760881e-07,3,1,0,1
34164000,34080000,34084000,0,-2.6010132,12.362054,0.14151406,12.51759,6.399389e-05,3,1,0,1
34220000,34140000,34140000,0,-2.4729614,12.361997,-0.017228603,12.498912,9.4992197e-07,3,1,0,1
34284000,34198000,34204000,0,-2.5670166,12.362075,0.083524466,12.502459,2.2319886e-05,3,1,0,1
34332000,34248000,34252000,0,-2.60849,12.361881,0.1289115,12.504493,5.3159052e-05,3,1,0,1
34388000,34308000,34308000,0,-2.4993591,12.361827,0.02390623,12.50733,1.8277534e-06,3,1,0,1
34452000,34368000,34372000,0,-2.5413818,12.361909,0.072080374,12.511,1.661124e-05,3,1,0,1
34508000,34428000,34428000,0,-2.540741,12.361854,0.076355696,12.513888,1.863591e-05,3,1,0,1
34572000,34488000,34492000,0,-2.563568,12.361936,0.1050303,12.517634,3.5250632e-05,3,1,0,1
34628000,34546666,34548000,0,-2.4780884,12.361881,-0.009596348,12.499086,2.9470917e-07,3,1,0,1
34692000,34608000,34612000,0,-2.5486145,12.361961,0.06744361,12.502641,1.45525755e-05,3,1,0,1
34748000,34668000,34668000,0,-2.5198364,12.361905,0.043517113,12.505459,6.0573198e-06,3,1,0,1
34812000,34728000,34732000,0,-2.4771729,12.361985,0.0067670345,12.509102,1.464302e-07,3,1,0,1
34868000,34788000,34788000,0,-2.5851135,12.361929,0.12033486,12.511975,4.6293182e-05,3,1,0,1
34932000,34848000,34852000,0,-2.5183105,12.362009,0.058754444,12.515698,1.1032816e-05,3,1,0,1
34988000,34908000,34908000,0,-2.489624,12.361954,0.035351038,12.518619,3.993079e-06,3,1,0,1
35052000,34966000,34972000,0,-2.4987183,12.362034,0.018345833,12.500672,1.0769647e-06,3,1,0,1
35100000,35016000,35020000,0,-2.5455017,12.361841,0.069756985,12.502699,1.5567957e-05,3,1,0,1
35156000,35076000,35076000,0,-2.5073242,12.361787,0.036412477,12.505521,4.240906e-06,3,1,0,1
35220000,35136000,35140000,0,-2.5680237,12.361869,0.103126526,12.509167,3.400732e-05,3,1,0,1
35276000,35196000,35196000,0,-2.5154724,12.361815,0.054995775,12.512045,9.669196e-06,3,1,0,1
35340000,35256000,35260000,0,-2.5478516,12.361897,0.09326482,12.515771,2.779957e-05,3,1,0,1
35396000,35314666,35316000,0,-2.5704956,12.361843,0.12061477,12.518693,4.6483838e-05,3,1,0,1
35460000,35376000,35380000,0,-2.5459595,12.361926,0.06926012,12.50079,1.5349315e-05,3,1,0,1
35516000,35434666,35436000,0,-2.5359497,12.36187,0.063783646,12.50359,1.3014994e-05,3,1,0,1
35580000,35496000,35500000,0,-2.5025024,12.361951,0.035581827,12.507209,4.0490777e-06,3,1,0,1
35636000,35554666,35556000,0,-2.4787292,12.361895,0.01663065,12.510067,8.84339e-07,3,1,0,1
35700000,35616000,35620000,0,-2.4832764,12.361976,0.02703762,12.513768,2.3367315e-06,3,1,0,1
35756000,35676000,35676000,0,-2.4595642,12.36192,0.008351564,12.516676,2.2289824e-07,3,1,0,1
35820000,35736000,35740000,0,-2.5440063,12.362001,0.0676949,12.498946,1.4665555e-05,3,1,0,1
35876000,35794666,35796000,0,-2.566864,12.361944,0.09468198,12.501727,2.8683004e-05,3,1,0,1
35940000,35856000,35860000,0,-2.472107,12.362023,0.0043797493,12.505318,6.135695e-08,3,1,0,1
35996000,35916000,35916000,0,-2.4486084,12.361966,-0.014367819,12.508159,6.6015855e-07,3,1,0,1
36060000,35976000,35980000,0,-2.589569,12.362045,0.1322403,12.511835,5.5907058e-05,3,1,0,1
36116000,36036000,36036000,0,-2.45224,12.361988,-0.0018546581,12.514728,1.0994268e-08,3,1,0,1
36180000,36096000,36100000,0,-2.4992065,12.362067,0.050661087,12.518479,8.200823e-06,3,1,0,1
36236000,36156000,36156000,0,-2.433014,12.362011,-0.043059587,12.499753,5.933327e-06,3,1,0,1
36300000,36216000,36220000,0,-2.5038452,12.362088,0.033161163,12.503311,3.517989e-06,3,1,0,1
36356000,36276000,36276000,0,-2.3814697,12.36203,-0.085324764,12.506133,2.3285584e-05,3,1,0,1
36420000,36336000,36340000,0,-2.5137024,12.362108,0.05275464,12.509781,8.8988045e-06,3,1,0,1
36476000,36396000,36396000,0,-2.5367126,12.36205,0.07943225,12.512656,2.016992e-05,3,1,0,1
36540000,36456000,36460000,0,-2.5031433,12.362128,0.049944878,12.516383,7.971922e-06,3,1,0,1
36596000,36516000,36516000,0,-2.469818,12.36207,0.020497084,12.519303,1.3423445e-06,3,1,0,1
36660000,36576000,36580000,0,-2.5541382,12.362148,0.08065367,12.501387,2.0813735e-05,3,1,0,1
36716000,36636000,36636000,0,-2.464203,12.362089,-0.006073475,12.5041895,1.17999164e-07,3,1,0,1
36780000,36696000,36700000,0,-2.464264,12.362165,-0.0012569427,12.507809,5.0525397e-09,3,1,0,1
36836000,36756000,36756000,0,-2.4736633,12.362106,0.012291908,12.510668,4.8307896e-07,3,1,0,1
36900000,36816000,36820000,0,-2.478241,12.362183,0.021571875,12.514369,1.4873967e-06,3,1,0,1
36956000,36873333,36876000,0,-2.5343933,12.3621235,0.08180761,12.517277,2.1386395e-05,3,1,0,1
37004000,36924000,36924000,0,-2.4162903,12.361931,-0.033542395,12.519358,3.5947282e-06,3,1,0,1
37068000,36984000,36988000,0,-2.48703,12.362012,0.015007973,12.501482,7.2068013e-07,3,1,0,1
37124000,37044000,37044000,0,-2.3554382,12.361955,-0.112804174,12.504289,4.0705338e-05,3,1,0,1
37188000,37104000,37108000,0,-2.3940125,12.362034,-0.06846309,12.507915,1.498953e-05,3,1,0,1
37244000,37164000,37164000,0,-2.4274902,12.361977,-0.030241966,12.510778,2.9241235e-06,3,1,0,1
37308000,37224000,37228000,0,-2.5028687,12.362056,0.05001259,12.514485,7.994765e-06,3,1,0,1
37364000,37284000,37284000,0,-2.3991394,12.361999,-0.05037403,12.517397,8.108852e-06,3,1,0,1
37428000,37344000,37348000,0,-2.474701,12.362079,0.003401041,12.499593,3.7015862e-08,3,1,0,1
37484000,37404000,37404000,0,-2.47937,12.36202,0.011502743,12.502378,4.2332135e-07,3,1,0,1
37548000,37463000,37468000,0,-2.4558105,12.362098,-0.0082240105,12.505977,2.1632648e-07,3,1,0,1
37604000,37524000,37524000,0,-2.1929321,12.36204,-0.26753068,12.508823,0.00022887097,3,1,0,1
37668000,37584000,37588000,0,-2.4864502,12.362117,0.033232212,12.512505,3.5304838e-06,3,1,0,1
37724000,37644000,37644000,0,-2.4673462,12.362059,0.017375708,12.515402,9.649398e-07,3,1,0,1
37788000,37704000,37708000,0,-2.5094604,12.362137,0.06353092,12.519159,1.2896004e-05,3,1,0,1
37844000,37764000,37764000,0,-2.3445435,12.36208,-0.12458134,12.50045,4.966384e-05,3,1,0,1
37908000,37824000,37828000,0,-2.4489746,12.362156,-0.014890194,12.504018,7.092692e-07,3,1,0,1
37964000,37884000,37884000,0,-2.547699,12.362097,0.087367296,12.506845,2.4412373e-05,3,1,0,1
38028000,37944000,37948000,0,-2.4670715,12.362173,0.009525299,12.510501,2.9009655e-07,3,1,0,1
38084000,38004000,38004000,0,-2.3730774,12.362114,-0.0811739,12.513382,2.1062897e-05,3,1,0,1
38148000,38064000,38068000,0,-2.491211,12.362191,0.041983128,12.517117,5.632553e-06,3,1,0,1
38204000,38124000,38124000,0,-2.55188,12.362132,0.10579133,12.520041,3.575645e-05,3,1,0,1
38268000,38183000,38188000,0,-2.4757996,12.362209,0.005627632,12.50196,1.01328894e-07,3,1,0,1
38324000,38244000,38244000,0,-2.508606,12.362148,0.042226553,12.504765,5.7036877e-06,3,1,0,1
38388000,38304000,38308000,0,-2.5082397,12.362225,0.048074007,12.508391,7.3905917e-06,3,1,0,1
38444000,38364000,38364000,0,-2.4045105,12.362164,-0.04694724,12.511252,7.0465953e-06,3,1,0,1
38508000,38424000,38428000,0,-2.4284363,12.36224,-0.006496191,12.51496,1.3488018e-07,3,1,0,1
38564000,38484000,38484000,0,-2.419098,12.36218,0.0038659573,12.51787,4.7757727e-08,3,1,0,1
38628000,38543000,38548000,0,-2.3016968,12.362256,-0.0,12.499906,3.9479386e-05,3,1,0,1
38684000,38604000,38604000,0,-2.213501,12.362194,-0.0,12.502688,8.8656925e-05,3,1,0,1
38748000,38664000,38668000,0,-2.3370667,12.362268,0.0020167828,12.506283,1.3009181e-08,3,1,0,1
38804000,38724000,38724000,0,-2.3652039,12.362207,0.0740397,12.509126,1.7529208e-05,3,1,0,1
38868000,38784000,38788000,0,-2.2659302,12.362283,0.02725625,12.512806,2.374857e-06,3,1,0,1
38924000,38844000,38844000,0,-2.2469177,12.362222,0.055928707,12.515698,9.99711e-06,3,1,0,1
38988000,38904000,38908000,0,-2.0492249,12.362297,-0.0,12.519453,2.4502926e-05,3,1,0,1
39044000,38964000,38964000,0,-2.0828857,12.362236,-0.0,12.500706,4.1222333e-06,3,1,0,1
39108000,39024000,39028000,0,-2.0597534,12.362309,-0.0,12.504271,2.0605705e-07,3,1,0,1
39164000,39084000,39084000,0,-2.1255493,12.362247,0.10024643,12.507094,3.213967e-05,3,1,0,1
39228000,39144000,39148000,0,-1.9274597,12.362322,-0.0,12.510747,8.661562e-06,3,1,0,1
39284000,39204000,39204000,0,-1.9513855,12.36226,0.012364268,12.513624,4.886678e-07,3,1,0,1
39348000,39264000,39268000,0,-1.87146,12.362334,-0.0,12.517356,1.476198e-06,3,1,0,1
39404000,39324000,39324000,0,-1.7542725,12.362272,-0.0,12.520276,3.072824e-05,3,1,0,1
39468000,39383000,39388000,0,-1.8349609,12.362347,0.0010917187,12.502253,3.8132315e-09,3,1,0,1
39524000,39444000,39444000,0,-1.7880249,12.362284,-0.0,12.505056,8.154623e-08,3,1,0,1
39588000,39504000,39508000,0,-1.7739563,12.362357,0.027808428,12.508681,2.4728704e-06,3,1,0,1
39644000,39564000,39564000,0,-1.8018799,12.362294,0.096823215,12.511541,2.9971477e-05,3,1,0,1
39708000,39624000,39628000,0,-1.632019,12.362369,-0.0,12.515248,2.223528e-06,3,1,0,1
39764000,39684000,39684000,0,-1.5007935,12.362306,-0.0,12.518155,4.255861e-05,3,1,0,1
39828000,39744000,39748000,0,-1.5581665,12.36238,-0.0,12.500149,4.67529e-06,3,1,0,1
39884000,39804000,39804000,0,-1.6477051,12.362316,0.09359896,12.502931,2.8027876e-05,3,1,0,1
39948000,39862000,39868000,0,-1.4919128,12.362389,-0.0,12.506523,6.947242e-07,3,1,0,1
40004000,39924000,39924000,0,-1.3746643,12.362325,-0.0,12.509364,2.555303e-05,3,1,0,1
40068000,39984000,39988000,0,-1.3754578,12.362398,-0.0,12.513042,5.018531e-06,3,1,0,1
40124000,40044000,40044000,0,-1.5589294,12.362334,0.18695283,12.515933,0.00011170197,3,1,0,1
40188000,40104000,40108000,0,-1.3741455,12.362408,0.049310446,12.519686,7.768629e-06,3,1,0,1
40244000,40164000,40164000,0,-1.2891846,12.362345,-0.0,12.500905,1.4027992e-06,3,1,0,1
40308000,40224000,40228000,0,-1.1391296,12.362417,-0.0,12.504469,4.7383797e-05,3,1,0,1
40364000,40284000,40284000,0,-1.144928,12.362352,-0.0,12.507291,1.6889833e-05,3,1,0,1
40428000,40344000,40348000,0,-1.1127014,12.362425,-0.0,12.5109415,9.805212e-06,3,1,0,1
40484000,40404000,40404000,0,-1.0380554,12.362361,-0.0,12.513817,2.3922921e-05,3,1,0,1
40548000,40464000,40468000,0,-0.9871826,12.362433,-0.0,12.517547,2.440828e-05,3,1,0,1
40604000,40524000,40524000,0,-1.077179,12.3623705,0.046486497,12.520466,6.9038783e-06,3,1,0,1
40668000,40584000,40588000,0,-0.99224854,12.362443,-0.0,12.502331,1.0785578e-06,3,1,0,1
40724000,40644000,40644000,0,-0.91726685,12.362378,-0.0,12.505132,7.908026e-06,3,1,0,1
40788000,40704000,40708000,0,-0.84262085,12.362451,-0.0,12.508753,1.7763126e-05,3,1,0,1
40844000,40764000,40764000,0,-0.9935303,12.362386,0.12001288,12.51161,4.604712e-05,3,1,0,1
40908000,40824000,40828000,0,-0.87509155,12.362458,0.050159097,12.515313,8.04114e-06,3,1,0,1
40964000,40884000,40884000,0,-0.7994995,12.362393,0.017864883,12.518216,1.0198067e-06,3,1,0,1
41028000,40944000,40948000,0,-0.72424316,12.362466,-0.0,12.500214,4.3266245e-06,3,1,0,1
41084000,41004000,41004000,0,-0.5884094,12.362401,-0.0,12.502992,5.3144686e-05,3,1,0,1
41148000,41064000,41068000,0,-0.7210388,12.362472,0.053747714,12.506581,9.239349e-06,3,1,0,1
41204000,41124000,41124000,0,-0.5937805,12.362407,-0.0,12.509419,2.938834e-06,3,1,0,1
41268000,41183000,41188000,0,-0.5470886,12.362478,-0.0,12.513094,2.2810827e-06,3,1,0,1
41324000,41244000,41244000,0,-0.6976013,12.362413,0.16807878,12.515983,9.0286085e-05,3,1,0,1
41388000,41303000,41308000,0,-0.5223694,12.362486,0.04158616,12.519733,5.525385e-06,3,1,0,1
41444000,41364000,41364000,0,-0.3248291,12.362421,-0.0,12.500873,6.597377e-05,3,1,0,1
41508000,41424000,41428000,0,-0.47164917,12.362492,0.053762287,12.504431,9.2459495e-06,3,1,0,1
41564000,41484000,41484000,0,-0.42889404,12.362426,0.054668456,12.507248,9.558106e-06,3,1,0,1
41628000,41544000,41548000,0,-0.27816772,12.362497,-0.0,12.510895,6.7805754e-06,3,1,0,1
41684000,41600000,41604000,0,-0.15182495,12.3624325,-0.0,12.513767,5.236287e-05,3,1,0,1
41732000,41652000,41652000,0,-0.31262207,12.362233,0.07099806,12.515832,1.6109912e-05,3,1,0,1
41796000,41712000,41716000,0,-0.27911377,12.3623085,0.087650165,12.519585,2.4545707e-05,3,1,0,1
41852000,41770666,41772000,0,-0.2736206,12.362247,0.091334164,12.500805,2.6692458e-05,3,1,0,1
41916000,41832000,41836000,0,-0.08969116,12.362321,-0.0,12.504369,5.9368117e-06,3,1,0,1
41972000,41892000,41892000,0,-0.15112305,12.362258,0.06256737,12.50719,1.2519761e-05,3,1,0,1
42036000,41952000,41956000,0,-0.08016968,12.362332,0.04148935,12.510841,5.503599e-06,3,1,0,1
42092000,42012000,42012000,0,-0.03753662,12.36227,0.04279171,12.513717,5.853194e-06,3,1,0,1
42156000,42070000,42076000,0,0.037963867,12.362345,0.017807405,12.5174465,1.0133175e-06,3,1,0,1
42204000,42120000,42124000,0,0.108551025,12.362147,-0.0,12.519521,6.7740694e-07,3,1,0,1
42260000,42178666,42180000,0,0.19763184,12.362089,-0.0,12.50089,2.7500453e-05,3,1,0,1
42324000,42240000,42244000,0,0.14047241,12.362165,0.015360266,12.50446,7.5473156e-07,3,1,0,1
42380000,42300000,42300000,0,0.15002441,12.362106,0.05023326,12.50729,8.07011e-06,3,1,0,1
42444000,42360000,42364000,0,0.16455078,12.362183,0.11236766,12.5109415,4.0369436e-05,3,1,0,1
42500000,42420000,42420000,0,0.16085815,12.3621235,0.18224186,12.513786,0.00010616162,3,1,0,1
42564000,42480000,42484000,0,0.10147095,12.3622,0.30149752,12.517439,0.00029047718,3,1,0,1
42620000,42540000,42540000,0,0.0854187,12.362141,0.29455298,12.498749,0.00027766445,3,1,0,1
42684000,42600000,42604000,0,0.045806885,12.362216,0.37791026,12.50214,0.00045693349,3,1,0,1
42740000,42660000,42660000,0,0.03982544,12.362155,0.4191539,12.504783,0.0005619929,3,1,0,1
42804000,42720000,42724000,0,0.057647705,12.362231,0.4415885,12.508181,0.0006235931,3,1,0,1
42860000,42780000,42780000,0,-0.0463562,12.36217,0.58129805,12.510804,0.0010803699,3,1,0,1
42924000,42840000,42844000,0,-0.05053711,12.3622465,0.62787944,12.514192,0.0012601137,3,1,0,1
42980000,42900000,42900000,0,-0.05895996,12.3621855,0.6744253,12.516783,0.0014535668,3,1,0,1
43044000,42960000,42964000,0,-0.029449463,12.362262,0.56425357,12.498928,0.0010189101,3,1,0,1
43100000,43020000,43020000,0,-0.13238525,12.3622,0.7093448,12.501363,0.0016099687,3,1,0,1
43164000,43080000,43084000,0,-0.18704224,12.362274,0.81329495,12.504511,0.0021158722,3,1,0,1
43220000,43140000,43140000,0,-0.19381714,12.362213,0.86290145,12.5069275,0.0023813967,3,1,0,1
43284000,43200000,43204000,0,-0.17199707,12.3622875,0.89384025,12.510067,0.0025545838,3,1,0,1
43340000,43260000,43260000,0,-0.24377441,12.3622265,1.0130342,12.512456,0.0032806934,3,1,0,1
43404000,43320000,43324000,0,-0.2816162,12.362301,1.1082089,12.515576,0.0039251153,3,1,0,1
43460000,43380000,43380000,0,-0.21063232,12.36224,0.91599953,12.497387,0.0026855378,3,1,0,1
43524000,43440000,43444000,0,-0.20239258,12.362313,0.96947867,12.500314,0.003007569,3,1,0,1
43580000,43500000,43500000,0,-0.24066162,12.362251,1.0613127,12.502553,0.003603695,3,1,0,1
43644000,43560000,43564000,0,-0.18417358,12.362325,1.0688269,12.505479,0.0036540495,3,1,0,1
43700000,43618666,43620000,0,-0.18865967,12.362262,1.1302192,12.507697,0.00408515,3,1,0,1
43764000,43680000,43684000,0,-0.03768921,12.362336,1.0481966,12.510615,0.003512908,3,1,0,1
43820000,43740000,43740000,0,-0.11279297,12.362274,0.98219997,12.493245,0.003088763,3,1,0,1
43884000,43800000,43804000,0,-0.26361084,12.362347,1.2066064,12.495991,0.004660371,3,1,0,1
43940000,43860000,43860000,0,-0.06967163,12.362283,1.0744815,12.498087,0.003694999,3,1,0,1
44004000,43920000,43924000,0,-0.16799927,12.362355,1.2482358,12.500842,0.0049855607,3,1,0,1
44060000,43980000,43980000,0,-0.072265625,12.362292,1.2170206,12.502932,0.004738534,3,1,0,1
44124000,44040000,44044000,0,-0.17401123,12.362365,1.3974363,12.505692,0.006246206,3,1,0,1
44180000,44100000,44100000,0,-0.12860107,12.362302,1.4190265,12.507769,0.006439633,3,1,0,1
44244000,44160000,44164000,0,-0.13934326,12.362375,1.2824028,12.49166,0.0052660955,3,1,0,1
44300000,44220000,44220000,0,0.05529785,12.36231,1.1573217,12.493651,0.004288237,3,1,0,1
44364000,44280000,44284000,0,-0.009429932,12.362383,1.3052514,12.49628,0.0054534026,3,1,0,1
44420000,44340000,44340000,0,0.06335449,12.362318,1.3028351,12.498277,0.005432363,3,1,0,1
44484000,44400000,44404000,0,0.10324097,12.3623905,1.3470789,12.500924,0.00580636,3,1,0,1
44540000,44460000,44460000,0,0.16699219,12.362327,1.3563133,12.502924,0.0058852984,3,1,0,1
44604000,44520000,44524000,0,0.21203613,12.362399,1.3982697,12.505588,0.0062537105,3,1,0,1
44660000,44580000,44580000,0,0.18237305,12.362335,1.2612783,12.489578,0.0050948816,3,1,0,1
44724000,44640000,44644000,0,0.35803223,12.362407,1.173413,12.492125,0.004408852,3,1,0,1
44780000,44700000,44700000,0,0.17141724,12.362341,1.4362868,12.494067,0.006604478,3,1,0,1
44844000,44760000,44764000,0,0.3486328,12.362412,1.3461658,12.496649,0.0058004744,3,1,0,1
44900000,44820000,44820000,0,0.38424683,12.362348,1.3871084,12.49861,0.0061577084,3,1,0,1
44964000,44880000,44884000,0,0.32159424,12.362419,1.5403886,12.501223,0.0075922078,3,1,0,1
45020000,44940000,44940000,0,0.48568726,12.362355,1.2011049,12.485923,0.0046216943,3,1,0,1
45084000,45000000,45004000,0,0.42138672,12.362426,1.3576672,12.488429,0.0059038983,3,1,0,1
45140000,45060000,45060000,0,0.5180969,12.36236,1.3384755,12.490353,0.005737281,3,1,0,1
45204000,45120000,45124000,0,0.5489197,12.362431,1.3984077,12.4929085,0.0062612933,3,1,0,1
45260000,45178666,45180000,0,0.6319275,12.362365,1.3675572,12.494862,0.0059871413,3,1,0,1
45324000,45240000,45244000,0,0.5784912,12.362436,1.4744039,12.497451,0.006957792,3,1,0,1
45380000,45300000,45300000,0,0.6387329,12.362371,1.4576285,12.49941,0.0067992997,3,1,0,1
45444000,45360000,45364000,0,0.6095581,12.362443,1.2822201,12.485193,0.0052673225,3,1,0,1
45500000,45420000,45420000,0,0.64456177,12.362376,1.2906239,12.487074,0.00533579,3,1,0,1
45564000,45480000,45484000,0,0.64678955,12.362447,1.3394688,12.48956,0.005746165,3,1,0,1
45620000,45540000,45540000,0,0.60720825,12.362381,1.4213033,12.491452,0.006468753,3,1,0,1
45684000,45600000,45604000,0,0.7984009,12.362451,1.2792294,12.493957,0.0052391025,3,1,0,1
45740000,45660000,45660000,0,0.64559937,12.362386,1.4743235,12.495851,0.006957925,3,1,0,1
45804000,45720000,45724000,0,0.7246094,12.362456,1.4431441,12.498366,0.006665398,3,1,0,1
45860000,45780000,45780000,0,0.7798157,12.3623905,1.1696925,12.483917,0.0043838182,3,1,0,1
45924000,45840000,45844000,0,0.7340088,12.36246,1.2639723,12.486314,0.005118007,3,1,0,1
45980000,45900000,45900000,0,0.8205261,12.362394,1.2172496,12.488134,0.0047459346,3,1,0,1
46044000,45960000,45964000,0,0.8878174,12.362464,1.197443,12.490548,0.004591855,3,1,0,1
46100000,46020000,46020000,0,0.7905884,12.362398,1.3346493,12.492371,0.0057036057,3,1,0,1
46164000,46080000,46084000,0,0.7039795,12.362468,1.4670076,12.494795,0.006889625,3,1,0,1
46220000,46140000,46140000,0,0.78292847,12.362402,1.1655741,12.480831,0.0043540783,3,1,0,1
46284000,46200000,46204000,0,0.7699585,12.362472,1.2233754,12.483139,0.0047957404,3,1,0,1
46340000,46260000,46260000,0,0.7715759,12.362405,1.2588351,12.484891,0.0050770673,3,1,0,1
46404000,46320000,46324000,0,0.8016968,12.362474,1.2722843,12.48722,0.005185165,3,1,0,1
46460000,46380000,46380000,0,0.7615051,12.362408,1.3486915,12.488977,0.005825837,3,1,0,1
46524000,46440000,46444000,0,0.89572144,12.362477,1.2567272,12.4913225,0.0050574737,3,1,0,1
46580000,46500000,46500000,0,0.86950684,12.362411,1.3188994,12.493083,0.005569468,3,1,0,1
46644000,46560000,46564000,0,0.77337646,12.362481,1.2004269,12.480076,0.004618641,3,1,0,1
46700000,46620000,46620000,0,0.83587646,12.362413,1.1723895,12.481773,0.0044048135,3,1,0,1
46764000,46680000,46684000,0,0.8276367,12.362483,1.2217405,12.4840355,0.0047825873,3,1,0,1
46820000,46740000,46740000,0,0.8668213,12.362415,1.2164276,12.485745,0.004740433,3,1,0,1
46884000,46800000,46804000,0,0.9763794,12.362485,1.1470726,12.488032,0.0042145164,3,1,0,1
46940000,46860000,46860000,0,0.9585571,12.362418,1.1989977,12.489755,0.0046040798,3,1,0,1
47004000,46920000,46924000,0,1.0303955,12.362488,1.1670055,12.4920635,0.004360855,3,1,0,1
47060000,46980000,46980000,0,0.93289185,12.362421,1.0456468,12.478817,0.0035047464,3,1,0,1
47124000,47040000,47044000,0,0.91885376,12.362491,1.0984969,12.481036,0.0038672925,3,1,0,1
47180000,47100000,47100000,0,0.9522095,12.362423,1.0971632,12.482721,0.0038573868,3,1,0,1
47244000,47160000,47164000,0,1.004364,12.362492,1.0829523,12.484975,0.0037574307,3,1,0,1
47300000,47220000,47220000,0,1.0141296,12.362425,1.1049781,12.486682,0.003911292,3,1,0,1
47364000,47280000,47284000,0,0.9677429,12.3624935,1.1888869,12.48897,0.004527041,3,1,0,1
47420000,47340000,47340000,0,1.0441895,12.362427,0.89532316,12.476203,0.0025700242,3,1,0,1
47484000,47400000,47404000,0,0.9677429,12.362495,1.0087266,12.478407,0.0032617284,3,1,0,1
47540000,47460000,47460000,0,1.0190735,12.362428,0.9875369,12.480092,0.0031257116,3,1,0,1
47604000,47520000,47524000,0,1.1500549,12.362496,0.8923738,12.482345,0.0025518634,3,1,0,1
47660000,47580000,47580000,0,0.90927124,12.362429,1.1641176,12.484062,0.0043420796,3,1,0,1
47724000,47640000,47644000,0,1.154541,12.362498,0.95269704,12.486363,0.0029075933,3,1,0,1
47780000,47700000,47700000,0,1.0598145,12.362431,1.0775576,12.4881115,0.0037191543,3,1,0,1
47844000,47760000,47764000,0,1.0601196,12.3625,0.86792564,12.476124,0.002415157,3,1,0,1
47900000,47820000,47820000,0,1.086731,12.3624325,0.8700365,12.477832,0.0024265866,3,1,0,1
47964000,47880000,47884000,0,1.0898743,12.362501,0.9007672,12.480112,0.0026005586,3,1,0,1
48020000,47940000,47940000,0,1.0791931,12.362433,0.9397242,12.481864,0.0028299668,3,1,0,1
48084000,48000000,48004000,0,1.1486816,12.362502,0.9033003,12.484206,0.0026143477,3,1,0,1
48140000,48060000,48060000,0,1.1004944,12.362434,0.9794483,12.486002,0.0030732623,3,1,0,1
48204000,48120000,48124000,0,1.0201111,12.362504,1.0922017,12.488405,0.0038208386,3,1,0,1
48260000,48180000,48180000,0,1.152008,12.362436,0.7490524,12.476082,0.0017988966,3,1,0,1
48324000,48240000,48244000,0,1.229187,12.362505,0.7037947,12.478419,0.0015877876,3,1,0,1
48380000,48300000,48300000,0,1.1979675,12.362437,0.7624308,12.48023,0.0018631087,3,1,0,1
48444000,48360000,48364000,0,1.1907654,12.362505,0.80125296,12.482642,0.002057277,3,1,0,1
48500000,48420000,48420000,0,1.1416321,12.362438,0.8766768,12.48451,0.0024624504,3,1,0,1
48564000,48480000,48484000,0,1.168335,12.362507,0.88028336,12.486997,0.0024822582,3,1,0,1
48620000,48540000,48540000,0,1.105835,12.362439,0.7376156,12.474811,0.0017445611,3,1,0,1
48684000,48600000,48604000,0,1.1829224,12.362508,0.6894342,12.477228,0.0015237983,3,1,0,1
48740000,48660000,48660000,0,1.0482788,12.362439,0.84886396,12.479117,0.0023096825,3,1,0,1
48804000,48720000,48724000,0,1.1921082,12.362508,0.7327391,12.481624,0.0017206307,3,1,0,1
48860000,48780000,48780000,0,1.2174683,12.36244,0.7316134,12.483581,0.0017150791,3,1,0,1
48924000,48840000,48844000,0,1.1818237,12.362509,0.7958751,12.486175,0.0020291791,3,1,0,1
48980000,48900000,48900000,0,1.1842957,12.362442,0.8167796,12.488198,0.00213683,3,1,0,1
49044000,48960000,48964000,0,1.2479858,12.362511,0.55329084,12.476474,0.0009814657,3,1,0,1
49100000,49020000,49020000,0,1.2717285,12.362443,0.5527531,12.4784565,0.000979403,3,1,0,1
49164000,49080000,49084000,0,1.2344666,12.362511,0.61722374,12.481071,0.0012209372,3,1,0,1
49220000,49138666,49140000,0,1.1977539,12.362443,0.6764239,12.483132,0.0014661362,3,1,0,1
49284000,49200000,49204000,0,1.3681946,12.362512,0.5319054,12.485848,0.00090638094,3,1,0,1
49340000,49258666,49260000,0,1.2368164,12.362445,0.6864573,12.487985,0.0015093663,3,1,0,1
49404000,49320000,49324000,0,1.1256409,12.362514,0.823313,12.490799,0.0021706996,3,1,0,1
49460000,49380000,49380000,0,1.2739258,12.362447,0.47268832,12.478301,0.0007162329,3,1,0,1
49524000,49440000,49444000,0,1.2124634,12.3625145,0.5588801,12.481039,0.0010010287,3,1,0,1
49580000,49500000,49500000,0,1.2832336,12.362447,0.50831413,12.4832115,0.0008279384,3,1,0,1
49644000,49560000,49564000,0,1.2314453,12.362515,0.58436966,12.486061,0.0010939812,3,1,0,1
49700000,49620000,49620000,0,1.3728943,12.362448,0.4627049,12.4883175,0.0006857475,3,1,0,1
49764000,49680000,49684000,0,1.2174377,12.362517,0.6427305,12.491277,0.0013228509,3,1,0,1
49820000,49740000,49740000,0,1.2936707,12.36245,0.36839664,12.478515,0.00043503923,3,1,0,1
49884000,49800000,49804000,0,1.1983948,12.362518,0.4859264,12.481381,0.0007567254,3,1,0,1
49940000,49860000,49860000,0,1.230957,12.362451,0.47121334,12.483669,0.0007114639,3,1,0,1
50004000,49920000,49924000,0,1.3056335,12.362519,0.41762805,12.486655,0.0005587187,3,1,0,1
50060000,49978666,49980000,0,1.2952881,12.362452,0.44631958,12.489032,0.0006380035,3,1,0,1
50124000,50040000,50044000,0,1.13031,12.36252,0.6325108,12.492134,0.0012810298,3,1,0,1
50180000,50100000,50100000,0,1.3942261,12.362453,0.3845036,12.494597,0.00047330224,3,1,0,1
50244000,50160000,50164000,0,1.2850037,12.362523,0.30277908,12.481932,0.0002937852,3,1,0,1
50300000,50217333,50220000,0,1.2501526,12.362454,0.15343606,12.465385,7.55456e-05,3,1,0,1
50348000,50268000,50268000,0,1.1904907,12.362251,0.22355616,12.466575,0.00016035634,3,1,0,1
50412000,50326000,50332000,0,1.3380737,12.362323,0.08965707,12.46884,2.578713e-05,3,1,0,1
50468000,50384000,50388000,0,1.1463623,12.362257,0.29421103,12.470621,0.00027764495,3,1,0,1
50532000,50445000,50452000,0,1.4025574,12.362328,-0.06772077,12.460441,1.4722121e-05,3,1,0,1
50588000,50508000,50508000,0,1.275177,12.362262,0.07047701,12.461819,1.5943126e-05,3,1,0,1
50652000,50567000,50572000,0,1.3462219,12.362332,-0.11320174,12.454531,4.1156534e-05,3,1,0,1
50708000,50628000,50628000,0,1.3123474,12.362266,-0.13099384,12.44843,5.5137516e-05,3,1,0,1
50772000,50688000,50692000,0,1.3017883,12.362334,-0.11145246,12.449909,3.990921e-05,3,1,0,1
50828000,50748000,50748000,0,1.2866821,12.3622675,-0.08858538,12.451032,2.521034e-05,3,1,0,1
50892000,50808000,50812000,0,1.3281555,12.362336,-0.12147844,12.45259,4.740222e-05,3,1,0,1
50948000,50868000,50868000,0,1.261322,12.362269,-0.090893865,12.447651,2.6548605e-05,3,1,0,1
51012000,50928000,50932000,0,1.3450012,12.362338,-0.2615776,12.442085,0.00021997228,3,1,0,1
51068000,50988000,50988000,0,1.2675476,12.36227,-0.17767239,12.443033,0.00010147839,3,1,0,1
51132000,51048000,51052000,0,1.3692017,12.362339,-0.29802823,12.4400835,0.00028559563,3,1,0,1
51188000,51108000,51108000,0,1.3806152,12.362271,-0.30366945,12.440889,0.00029649047,3,1,0,1
51252000,51168000,51172000,0,1.2980347,12.362339,-0.21479785,12.4420595,0.00014832952,3,1,0,1
51308000,51228000,51228000,0,1.2303772,12.362271,-0.14202452,12.442923,6.4843174e-05,3,1,0,1
51372000,51288000,51292000,0,1.355835,12.36234,-0.2813015,12.440316,0.00025443253,3,1,0,1
51428000,51348000,51348000,0,1.3815002,12.362272,-0.3814777,12.435328,0.00046810266,3,1,0,1
51492000,51407000,51412000,0,1.2747498,12.36234,-0.26977074,12.436383,0.0002340753,3,1,0,1
51548000,51468000,51468000,0,1.1361389,12.362271,-0.13744813,12.43426,6.0773986e-05,3,1,0,1
51612000,51526000,51532000,0,1.3086243,12.362339,-0.30696642,12.435205,0.000303102,3,1,0,1
51668000,51588000,51588000,0,1.4983215,12.362271,-0.49300802,12.435878,0.0007817925,3,1,0,1
51732000,51645000,51652000,0,1.254425,12.362339,-0.24416375,12.436887,0.00019173909,3,1,0,1
51788000,51708000,51708000,0,1.22406,12.36227,-0.21821249,12.434876,0.00015317141,3,1,0,1
51852000,51768000,51772000,0,1.2361755,12.362339,-0.29726636,12.430811,0.00028434925,3,1,0,1
51908000,51828000,51828000,0,1.2757263,12.362269,-0.33439577,12.43143,0.00035979942,3,1,0,1
51972000,51888000,51892000,0,1.3290405,12.362337,-0.3878519,12.430184,0.00048407677,3,1,0,1
52028000,51948000,51948000,0,1.1283569,12.362268,-0.18446624,12.430735,0.00010949569,3,1,0,1
52092000,52008000,52012000,0,1.3238525,12.362336,-0.3783551,12.431595,0.00046060886,3,1,0,1
52148000,52068000,52068000,0,1.3345337,12.3622675,-0.38646042,12.432198,0.0004805318,3,1,0,1
52212000,52128000,52132000,0,1.3639221,12.362335,-0.47628474,12.426569,0.0007302005,3,1,0,1
52268000,52188000,52188000,0,1.1765137,12.362267,-0.28656125,12.427091,0.0002643172,3,1,0,1
52332000,52247000,52252000,0,1.1973877,12.362333,-0.30618268,12.427912,0.00030173318,3,1,0,1
52388000,52308000,52308000,0,1.1758423,12.362265,-0.2823199,12.426714,0.00025655868,3,1,0,1
52452000,52368000,52372000,0,1.2624817,12.362332,-0.36791044,12.427473,0.00043567375,3,1,0,1
52508000,52428000,52428000,0,1.287323,12.362263,-0.3912291,12.427991,0.0004926305,3,1,0,1
52572000,52488000,52492000,0,1.2743835,12.36233,-0.37515247,12.427121,0.00045300717,3,1,0,1
52628000,52548000,52548000,0,1.2569275,12.362262,-0.4122646,12.423604,0.0005472232,3,1,0,1
52692000,52608000,52612000,0,1.2813721,12.362329,-0.4356585,12.424342,0.0006110532,3,1,0,1
52748000,52668000,52668000,0,1.2962036,12.36226,-0.44920242,12.424849,0.00064961053,3,1,0,1
52812000,52727000,52732000,0,1.2968445,12.362327,-0.4457131,12.4241085,0.0006395957,3,1,0,1
52868000,52788000,52788000,0,1.2646484,12.362258,-0.4121142,12.424569,0.0005467815,3,1,0,1
52932000,52848000,52852000,0,1.1529236,12.362325,-0.29932737,12.425317,0.00028843328,3,1,0,1
52988000,52908000,52908000,0,1.2816772,12.362256,-0.42443436,12.424348,0.0005799726,3,1,0,1
53052000,52968000,52972000,0,1.2590637,12.362323,-0.45195782,12.421383,0.0006577879,3,1,0,1
53108000,53028000,53028000,0,1.1892395,12.362254,-0.38123286,12.42184,0.00046800956,3,1,0,1
53172000,53088000,53092000,0,1.209259,12.362321,-0.40087044,12.422582,0.0005174355,3,1,0,1
