timestamp,timestamp_sample,device_id,bias,bias_var,innov,innov_var,innov_test_ratio
8636000,8555999,6620172,487.3708,0.00040570932,-0.056762695,13.250522,2.7017835e-05
12252000,12168000,6620172,487.37192,0.055834714,0.10910034,12.423929,0.00010645125
12548000,12468000,6620172,487.373,0.059469778,0.07507324,12.439859,5.0339902e-05
12972000,12886000,6620172,487.37424,0.06442516,0.09927368,12.44275,8.8005414e-05
13740000,13656000,6620172,487.37537,0.07240969,0.0340271,12.444593,1.0337764e-05
13980000,13896000,6620172,487.37653,0.07469239,0.12860107,12.438821,0.00014772959
14220000,14136000,6620172,487.3748,0.07686688,-0.19360352,12.433693,0.00033495296
14340000,14256000,6620172,487.37366,0.077913746,-0.10217285,12.439216,9.324714e-05
14756000,14676000,6620172,487.37482,0.08130724,0.055908203,12.442173,2.7913375e-05
15060000,14974000,6620172,487.37598,0.08365818,0.07476807,12.440184,4.9930164e-05
15300000,15214000,6620172,487.37698,0.0853763,0.073150635,12.451126,4.7751284e-05
15468000,15384000,6620172,487.37845,0.08640916,0.090026855,12.442446,7.237622e-05
16044000,15960000,6620172,487.38028,0.0897826,0.13504028,12.451852,0.00016272347
16524000,16440000,6620172,487.38135,0.09246091,0.050720215,12.457623,2.294481e-05
16700000,16620000,6620172,487.3827,0.09331818,0.07357788,12.449508,4.831699e-05
16820000,16740000,6620172,487.3838,0.09391153,0.017547607,12.454782,2.7469907e-06
17060000,16980000,6620172,487.38263,0.09504582,-0.042541504,12.449729,1.6151887e-05
17244000,17160000,6620172,487.38422,0.09591814,0.079071045,12.457889,5.576324e-05
17484000,17400000,6620172,487.38547,0.09693489,0.06768799,12.452731,4.088049e-05
17844000,17760000,6620172,487.3842,0.0983451,-0.05807495,12.452781,3.0093233e-05
18084000,18000000,6620172,487.3855,0.09921265,0.077423096,12.463283,5.343996e-05
18716000,18636000,6620172,487.38675,0.1009017,0.12445068,12.458185,0.00013813295
18780000,18696000,6620172,487.388,0.10114864,0.15164185,12.461078,0.00020504066
19548000,19464000,6620172,487.38947,0.1030655,0.057556152,12.462043,2.9536006e-05
19604000,19524000,6620172,487.39136,0.10314393,0.22692871,12.4643545,0.00045905696
19844000,19764000,6620172,487.39255,0.103702605,0.047668457,12.458696,2.0265023e-05
20372000,20292000,6620172,487.39365,0.10462994,0.0642395,12.464779,3.6785546e-05
20436000,20352000,6620172,487.395,0.104815215,0.15960693,12.467694,0.00022702561
20492000,20412000,6620172,487.39603,0.10486461,0.12124634,12.470052,0.00013098649
20556000,20472000,6620172,487.3973,0.105046295,0.15054321,12.47308,0.00020188597
20676000,20592000,6620172,487.39847,0.10526882,0.057678223,12.461806,2.9661986e-05
20732000,20652000,6620172,487.40012,0.10531007,0.19342041,12.464041,0.00033350568
20844000,20760000,6620172,487.40222,0.105388746,0.22415161,12.468631,0.00044773647
20900000,20818666,6620172,487.4037,0.10542846,0.17022705,12.470992,0.00025817467
20964000,20880000,6620172,487.4052,0.1056006,0.18035889,12.47403,0.0002897516
21020000,20940000,6620172,487.4067,0.10563589,0.1739502,12.4599285,0.00026983095
21084000,21000000,6620172,487.4087,0.10580366,0.23019409,12.462693,0.00047242615
21140000,21058666,6620172,487.41025,0.10583584,0.18270874,12.464935,0.00029756792
21204000,21118000,6620172,487.4133,0.10600056,0.35601807,12.467821,0.0011295644
21252000,21168000,6620172,487.41687,0.105896816,0.41830444,12.469544,0.0015591643
21308000,21228000,6620172,487.41946,0.10592791,0.30252075,12.471919,0.0008153321
21372000,21288000,6620172,487.423,0.106091574,0.41329956,12.474976,0.001521415
21428000,21346666,6620172,487.42615,0.10611851,0.36730957,12.460777,0.001203031
21492000,21406000,6620172,487.42944,0.106278054,0.38406372,12.463557,0.0013149888
21540000,21456000,6620172,487.43362,0.10616924,0.48806763,12.465221,0.00212333
21596000,21516000,6620172,487.43726,0.10619533,0.42208862,12.467515,0.00158776
21660000,21576000,6620172,487.44095,0.10635407,0.42904663,12.470468,0.0016401508
21716000,21636000,6620172,487.44577,0.106377386,0.55892944,12.472857,0.0027829509
21780000,21696000,6620172,487.4516,0.10653339,0.6781006,12.475932,0.0040951776
21836000,21756000,6620172,487.45578,0.10655278,0.48342896,12.461622,0.0020837625
21900000,21816000,6620172,487.45987,0.106704906,0.47381592,12.464413,0.0020012667
21956000,21876000,6620172,487.46518,0.106721714,0.61502075,12.466674,0.003371215
22020000,21936000,6620172,487.47064,0.10687131,0.6323242,12.469584,0.0035627484
22076000,21996000,6620172,487.47684,0.10688563,0.7164917,12.471937,0.004573471
22140000,22056000,6620172,487.4842,0.10703279,0.84854126,12.474965,0.0064130416
22196000,22116000,6620172,487.49057,0.10704473,0.73532104,12.477404,0.0048149
22260000,22176000,6620172,487.49573,0.10718828,0.59295654,12.463571,0.0031344458
22316000,22236000,6620172,487.5017,0.10719665,0.68917847,12.465789,0.0042335154
22380000,22296000,6620172,487.5082,0.107337944,0.7479248,12.468649,0.0049848715
22436000,22356000,6620172,487.515,0.107344106,0.7832031,12.470956,0.0054652067
22500000,22414000,6620172,487.52322,0.10748324,0.94348145,12.473927,0.007929048
22548000,22464000,6620172,487.5305,0.10735438,0.8373413,12.47568,0.006244509
22604000,22524000,6620172,487.5384,0.107360795,0.9102783,12.478103,0.0073783174
22668000,22584000,6620172,487.54495,0.1074989,0.7555542,12.464193,0.0050889077
22724000,22644000,6620172,487.55173,0.107501924,0.77734375,12.466398,0.0053857067
22788000,22704000,6620172,487.55865,0.10763795,0.796875,12.469241,0.005658455
22844000,22764000,6620172,487.5666,0.10763894,0.9098816,12.47153,0.0073757726
22908000,22824000,6620172,487.57425,0.107772976,0.88009644,12.474479,0.0068991506
22964000,22882666,6620172,487.58215,0.107772015,0.907074,12.476847,0.0073272004
23028000,22944000,6620172,487.5884,0.10790287,0.71484375,12.463128,0.0045556743
23084000,23004000,6620172,487.59482,0.107898764,0.7354431,12.4652815,0.0048211827
23148000,23064000,6620172,487.6019,0.10802778,0.81100464,12.46806,0.0058614532
23204000,23124000,6620172,487.60904,0.10802187,0.81762695,12.470294,0.005956501
23268000,23184000,6620172,487.61526,0.108149126,0.7116394,12.473176,0.0045112865
23324000,23242666,6620172,487.62216,0.1081415,0.7893982,12.475489,0.00554999
23388000,23304000,6620172,487.62875,0.10826706,0.7540283,12.478473,0.005062574
23444000,23364000,6620172,487.6346,0.1082565,0.66882324,12.464134,0.0039876597
23508000,23424000,6620172,487.64056,0.108379155,0.6779785,12.466848,0.004096686
23564000,23484000,6620172,487.64624,0.108367,0.6459656,12.46903,0.0037182926
23628000,23544000,6620172,487.65146,0.108488105,0.59558105,12.47185,0.0031601547
23684000,23604000,6620172,487.65692,0.10847443,0.6232605,12.474112,0.0034600876
23748000,23664000,6620172,487.66284,0.10859405,0.6750183,12.4770355,0.0040576747
23804000,23724000,6620172,487.66785,0.10857858,0.5688782,12.474832,0.002882447
23868000,23784000,6620172,487.67267,0.10869548,0.5498047,12.465571,0.0026944007
23924000,23844000,6620172,487.6767,0.10867767,0.45941162,12.467706,0.0018809398
23988000,23904000,6620172,487.68,0.10879321,0.37496948,12.470469,0.0012527561
24044000,23962666,6620172,487.68378,0.10877406,0.42840576,12.472687,0.0016349636
24108000,24022000,6620172,487.68735,0.10888829,0.40576172,12.475559,0.0014663567
24156000,24072000,6620172,487.69077,0.108735,0.38864136,12.477233,0.0013450463
24212000,24132000,6620172,487.69485,0.10871706,0.46658325,12.475031,0.0019389837
24276000,24192000,6620172,487.69858,0.10883154,0.42211914,12.465753,0.0015882142
24332000,24252000,6620172,487.70148,0.10881135,0.3293457,12.467884,0.00096664886
24396000,24312000,6620172,487.7034,0.108924545,0.21826172,12.47065,0.0004244471
24452000,24372000,6620172,487.70547,0.1089031,0.2350769,12.472872,0.0004922786
24516000,24432000,6620172,487.70697,0.10901508,0.17037964,12.475754,0.000258539
24572000,24492000,6620172,487.70807,0.10899244,0.12539673,12.478067,0.00014001758
24636000,24552000,6620172,487.70947,0.109101966,0.15847778,12.464477,0.00022388253
24756000,24672000,6620172,487.71054,0.10918531,0.069122314,12.469329,4.2574637e-05
24932000,24852000,6620172,487.70923,0.10923933,-0.18609619,12.476717,0.00030841262
24996000,24912000,6620172,487.70776,0.10934568,-0.16577148,12.479716,0.00024466534
25052000,24972000,6620172,487.7054,0.109316215,-0.26602173,12.465341,0.00063079403
25116000,25030000,6620172,487.70288,0.10942029,-0.28729248,12.468072,0.0007355407
25172000,25090666,6620172,487.70108,0.10938989,-0.20492554,12.470281,0.00037417383
25236000,25152000,6620172,487.6987,0.10949306,-0.26898193,12.47315,0.0006445068
25292000,25212000,6620172,487.69498,0.109461784,-0.42214966,12.475468,0.001587207
25356000,25272000,6620172,487.6905,0.109564096,-0.5046997,12.4784775,0.002268099
25412000,25332000,6620172,487.68683,0.109531604,-0.41278076,12.476085,0.0015174629
25476000,25392000,6620172,487.68323,0.10963176,-0.40582275,12.46684,0.0014678236
25532000,25452000,6620172,487.67896,0.10959752,-0.48217773,12.469051,0.0020717548
25596000,25512000,6620172,487.67346,0.10969691,-0.61987305,12.471924,0.0034231786
25652000,25572000,6620172,487.6674,0.10966192,-0.68548584,12.474252,0.004185429
25716000,25632000,6620172,487.66095,0.10976059,-0.7260742,12.4772625,0.0046946174
25772000,25690666,6620172,487.6532,0.1097249,-0.8730774,12.479704,0.0067867003
25836000,25752000,6620172,487.64767,0.10982154,-0.62112427,12.465723,0.0034387216
25892000,25812000,6620172,487.6406,0.10978384,-0.79608154,12.46793,0.005647787
25956000,25872000,6620172,487.63358,0.10987984,-0.7879944,12.470795,0.0055323495
26012000,25932000,6620172,487.62466,0.10984151,-1.0020142,12.473114,0.008943969
26076000,25992000,6620172,487.6155,0.1099369,-1.0307617,12.476121,0.009462251
26132000,26052000,6620172,487.6043,0.109897986,-1.2589417,12.47856,0.014112509
26196000,26112000,6620172,487.59253,0.10999281,-1.3257751,12.481709,0.015646717
26252000,26172000,6620172,487.58328,0.10995197,-1.039154,12.466761,0.00962418
26316000,26232000,6620172,487.57358,0.11004488,-1.0906982,12.469608,0.010600196
26372000,26290666,6620172,487.56284,0.11000352,-1.2072144,12.471915,0.01298354
26436000,26352000,6620172,487.5516,0.11009593,-1.262207,12.474902,0.014189973
26492000,26412000,6620172,487.53894,0.1100541,-1.4215698,12.477325,0.01799585
26556000,26472000,6620172,487.52637,0.110146046,-1.4126282,12.480452,0.017765723
26612000,26532000,6620172,487.51584,0.110102385,-1.1811523,12.465628,0.012435269
26676000,26592000,6620172,487.5043,0.110192515,-1.2945557,12.468447,0.014934359
26732000,26652000,6620172,487.49194,0.11014844,-1.3866882,12.47073,0.017132599
26796000,26712000,6620172,487.47858,0.110238165,-1.5006104,12.473671,0.02005853
26852000,26772000,6620172,487.46396,0.11019369,-1.6396179,12.476026,0.023942336
26916000,26830000,6620172,487.44882,0.11028304,-1.6961975,12.47905,0.025617031
26964000,26880000,6620172,487.43213,0.11010536,-1.8757935,12.480798,0.031324577
27020000,26940000,6620172,487.41916,0.11006246,-1.4554749,12.466007,0.018881632
27084000,26998000,6620172,487.40488,0.110153325,-1.6025696,12.468703,0.022886004
27132000,27048000,6620172,487.38968,0.10997712,-1.7089233,12.470259,0.026021192
27188000,27108000,6620172,487.37436,0.109937005,-1.7218628,12.47242,0.026412157
27252000,27168000,6620172,487.3576,0.11003062,-1.8813171,12.475193,0.031523485
27308000,27226666,6620172,487.34003,0.10998995,-1.9752502,12.477382,0.03474388
27372000,27288000,6620172,487.3214,0.11008302,-2.0924377,12.480197,0.03897994
27428000,27348000,6620172,487.30673,0.1100405,-1.6490479,12.465757,0.024238478
27484000,27404000,6620172,487.29,0.10999889,-1.8781433,12.467716,0.031436056
27540000,27454000,6620172,487.27356,0.10995817,-1.8488159,12.469687,0.03045715
27596000,27514666,6620172,487.25696,0.10991834,-1.8663635,12.471668,0.03103312
27660000,27576000,6620172,487.2397,0.11001221,-1.9394531,12.474231,0.033504434
27716000,27636000,6620172,487.22192,0.10997178,-1.9957886,12.476229,0.035473432
27780000,27696000,6620172,487.20334,0.11006506,-2.0875854,12.478816,0.038803656
27836000,27756000,6620172,487.1884,0.11002278,-1.6793518,12.464875,0.025139285
27900000,27816000,6620172,487.1711,0.11011424,-1.937561,12.467201,0.03345795
27956000,27874666,6620172,487.15436,0.11007142,-1.8807678,12.469009,0.031520706
28020000,27936000,6620172,487.137,0.11016234,-1.948761,12.471363,0.033834577
28076000,27994666,6620172,487.1183,0.11011899,-2.099701,12.473185,0.039273083
28140000,28056000,6620172,487.09933,0.1102094,-2.12677,12.475563,0.04028454
28196000,28114666,6620172,487.0804,0.110165544,-2.1250305,12.477393,0.04021277
28260000,28176000,6620172,487.065,0.11025424,-1.7270203,12.464571,0.026587348
28316000,28236000,6620172,487.04913,0.110208705,-1.780365,12.466235,0.028251419
28380000,28296000,6620172,487.03262,0.11029694,-1.8499756,12.46842,0.030498471
28436000,28356000,6620172,487.0164,0.11025095,-1.8212891,12.470101,0.029555973
28500000,28416000,6620172,486.99945,0.11033874,-1.8987122,12.472315,0.032116536
28556000,28476000,6620172,486.98187,0.110292315,-1.9718323,12.47401,0.034633096
28620000,28536000,6620172,486.96756,0.11037854,-1.6019897,12.461951,0.022881838
28676000,28596000,6620172,486.95212,0.11033057,-1.7277527,12.463505,0.026612181
28740000,28654000,6620172,486.93674,0.1104164,-1.7196655,12.465559,0.02635929
28796000,28714666,6620172,486.92224,0.110368036,-1.6213989,12.467137,0.023429902
28860000,28776000,6620172,486.90683,0.11045349,-1.7256775,12.469229,0.026536103
28916000,28836000,6620172,486.89117,0.11040476,-1.752533,12.470831,0.02736494
28980000,28894000,6620172,486.87558,0.11048985,-1.7437744,12.4729595,0.02708748
29028000,28944000,6620172,486.86166,0.11030687,-1.5570984,12.460476,0.021619963
29084000,29002666,6620172,486.84924,0.11026005,-1.3924255,12.461965,0.017286813
29148000,29064000,6620172,486.8365,0.11034701,-1.4284363,12.46395,0.018189617
29204000,29124000,6620172,486.82303,0.11029976,-1.5080566,12.465475,0.02027141
29268000,29184000,6620172,486.81067,0.1103863,-1.3839722,12.467508,0.017069962
29324000,29242666,6620172,486.7969,0.11033863,-1.5418091,12.469068,0.021182867
29388000,29302000,6620172,486.78357,0.11042476,-1.4932861,12.471149,0.019867219
29436000,29352000,6620172,486.77203,0.11024283,-1.2934875,12.459136,0.014920867
29492000,29409333,6620172,486.76144,0.110197045,-1.1881714,12.4606,0.012588579
29540000,29460000,6620172,486.74985,0.11001937,-1.3017273,12.461616,0.015108564
29604000,29520000,6620172,486.73883,0.110110596,-1.2364502,12.463599,0.013629103
29660000,29580000,6620172,486.72955,0.11006753,-1.0417786,12.46513,0.009674121
29724000,29640000,6620172,486.71985,0.11015818,-1.0897522,12.4671755,0.01058388
29780000,29700000,6620172,486.70883,0.11011456,-1.2374268,12.468754,0.013644997
29844000,29760000,6620172,486.70135,0.110203646,-0.8389282,12.458052,0.00627707
29900000,29820000,6620172,486.69376,0.11015847,-0.8526306,12.459522,0.0064830286
29964000,29880000,6620172,486.68616,0.11024705,-0.84988403,12.4614935,0.0064403093
30020000,29940000,6620172,486.67902,0.11020139,-0.7999573,12.463021,0.0057051587
30084000,29998000,6620172,486.67242,0.110289484,-0.7387085,12.465068,0.0048641735
30140000,30060000,6620172,486.6669,0.11024335,-0.620636,12.466655,0.0034330606
30204000,30119000,6620172,486.66083,0.11033079,-0.6791382,12.466238,0.0041109137
30260000,30180000,6620172,486.6548,0.11028321,-0.67477417,12.457758,0.0040610144
30324000,30240000,6620172,486.65063,0.11036942,-0.4628296,12.459741,0.0019102523
30380000,30300000,6620172,486.64694,0.11032143,-0.4139099,12.461289,0.0015275878
30444000,30360000,6620172,486.64307,0.11040725,-0.4331665,12.46336,0.001672754
30500000,30420000,6620172,486.64026,0.11035888,-0.31582642,12.464977,0.0008891251
30564000,30480000,6620172,486.63773,0.11044433,-0.2826538,12.467135,0.0007120336
30620000,30540000,6620172,486.6352,0.1103946,-0.284729,12.456252,0.0007231585
30684000,30600000,6620172,486.63318,0.1104787,-0.2243042,12.458261,0.00044871945
30740000,30660000,6620172,486.63153,0.11042864,-0.18508911,12.459837,0.00030549694
30924000,30840000,6620172,486.6305,0.11054556,-0.05114746,12.465795,2.3317698e-05
31164000,31079000,6620172,486.63156,0.11060719,0.07266235,12.460841,4.70792e-05
31284000,31200000,6620172,486.6341,0.1106368,0.20355225,12.464787,0.0003693384
31404000,31320000,6620172,486.6363,0.11066601,0.1758728,12.468879,0.00027563062
31460000,31376000,6620172,486.63892,0.11061243,0.29153442,12.457735,0.0007580504
31508000,31428000,6620172,486.6417,0.11042713,0.31167603,12.458889,0.0008663332
31572000,31488000,6620172,486.6447,0.11051087,0.33795166,12.461049,0.001018385
31628000,31548000,6620172,486.648,0.11046047,0.36871338,12.462741,0.0012120534
31692000,31608000,6620172,486.65094,0.11054393,0.3276062,12.464967,0.0009566886
31748000,31668000,6620172,486.6541,0.11049325,0.35409546,12.466705,0.0011174974
31812000,31726000,6620172,486.6575,0.11057543,0.3798523,12.4563055,0.0012870568
31868000,31785333,6620172,486.66168,0.110523485,0.46673584,12.457898,0.0019429204
31916000,31836000,6620172,486.6671,0.11033978,0.6079712,12.45903,0.003296395
31980000,31894000,6620172,486.67117,0.11042509,0.4550476,12.46116,0.0018463443
32036000,31956000,6620172,486.67523,0.11037623,0.45428467,12.462821,0.001839913
32100000,32016000,6620172,486.6808,0.1104612,0.6198425,12.465012,0.0034247397
32156000,32076000,6620172,486.686,0.110412,0.58392334,12.466718,0.0030389042
32220000,32136000,6620172,486.69144,0.110495634,0.6057739,12.456356,0.0032733136
32276000,32192000,6620172,486.69608,0.11044512,0.51760864,12.457926,0.0023895428
32324000,32244000,6620172,486.70093,0.11026282,0.5450134,12.45904,0.0026490327
32388000,32302000,6620172,486.70633,0.110349506,0.6035156,12.461144,0.0032477053
32436000,32352000,6620172,486.71188,0.110169165,0.6234741,12.462292,0.0034657435
32492000,32412000,6620172,486.71786,0.11012496,0.6695862,12.463957,0.0039968193
32556000,32472000,6620172,486.724,0.11021451,0.6859131,12.466156,0.0041933693
32612000,32529333,6620172,486.72964,0.1101696,0.6347046,12.465187,0.0035908888
32660000,32580000,6620172,486.7346,0.109992005,0.55648804,12.456472,0.0027623207
32724000,32639000,6620172,486.74063,0.11008332,0.67767334,12.45853,0.004095732
32780000,32700000,6620172,486.74652,0.110040344,0.66012573,12.46014,0.0038858664
32844000,32759000,6620172,486.75348,0.11013109,0.7788086,12.46227,0.005407815
32900000,32816000,6620172,486.76144,0.110087566,0.89456177,12.463935,0.0071338336
32948000,32868000,6620172,486.7685,0.10991212,0.7907715,12.465117,0.0055739507
33012000,32928000,6620172,486.77493,0.11000534,0.7247009,12.4646635,0.004681603
33068000,32988000,6620172,486.78183,0.10996347,0.7730408,12.456484,0.0053304867
33132000,33048000,6620172,486.78912,0.11005529,0.8173218,12.4585495,0.005957666
33188000,33106666,6620172,486.79636,0.110012814,0.81155396,12.460168,0.0058731134
33252000,33166000,6620172,486.80338,0.110104054,0.7879944,12.462312,0.0055361153
33300000,33216000,6620172,486.8099,0.10992818,0.7345276,12.463488,0.0048098788
33356000,33276000,6620172,486.8169,0.109888375,0.7863159,12.465193,0.005511282
33412000,33332000,6620172,486.82346,0.10984919,0.73913574,12.464198,0.0048701414
33468000,33384000,6620172,486.8303,0.10981006,0.76727295,12.456085,0.0052514076
33524000,33444000,6620172,486.83725,0.10977176,0.7831116,12.457686,0.0054697488
33588000,33504000,6620172,486.84354,0.109867096,0.7059326,12.459806,0.004443986
33644000,33564000,6620172,486.85028,0.10982808,0.7576904,12.461473,0.005118842
33708000,33624000,6620172,486.85748,0.10992272,0.81051636,12.463677,0.005856456
33764000,33684000,6620172,486.86533,0.109883025,0.8819885,12.465409,0.006933888
33828000,33744000,6620172,486.87213,0.10997601,0.76364136,12.45514,0.0052022086
33884000,33804000,6620172,486.87946,0.10993467,0.82232666,12.456738,0.0060317297
33948000,33864000,6620172,486.88678,0.11002703,0.8206177,12.458855,0.0060056653
34004000,33924000,6620172,486.89407,0.10998509,0.8185425,12.460522,0.00597453
34068000,33984000,6620172,486.90073,0.11007686,0.7481079,12.462728,0.004989682
34124000,34044000,6620172,486.90765,0.11003435,0.77737427,12.464464,0.005386966
34188000,34104000,6620172,486.9154,0.11012556,0.8695984,12.466759,0.0067397133
34244000,34162666,6620172,486.92218,0.11008149,0.7595825,12.455836,0.0051467675
34308000,34224000,6620172,486.92944,0.110171154,0.8143616,12.457957,0.00591487
34364000,34284000,6620172,486.93665,0.11012657,0.80618286,12.459632,0.00579588
34428000,34344000,6620172,486.9437,0.110215746,0.790802,12.461846,0.005575844
34484000,34404000,6620172,486.95135,0.110170685,0.8594055,12.463596,0.006584312
34548000,34464000,6620172,486.95856,0.1102594,0.80737305,12.465905,0.0058100806
34604000,34524000,6620172,486.96588,0.11021365,0.8208618,12.46475,0.006006397
34668000,34582000,6620172,486.97214,0.1103009,0.7007446,12.457169,0.0043798345
34716000,34632000,6620172,486.97852,0.110121116,0.71380615,12.458364,0.004544196
34772000,34692000,6620172,486.98584,0.11007746,0.8226013,12.460089,0.0060341367
34836000,34750000,6620172,486.99243,0.110167556,0.7393799,12.462363,0.004874076
34884000,34800000,6620172,487.00055,0.10999057,0.9125366,12.463646,0.007423573
34940000,34860000,6620172,487.00775,0.10994967,0.8083496,12.465484,0.0058243414
35004000,34920000,6620172,487.01477,0.11004248,0.7886963,12.467903,0.005543495
35060000,34980000,6620172,487.02142,0.10999996,0.7481079,12.456713,0.0049920916
35124000,35040000,6620172,487.0287,0.110091165,0.81329346,12.458951,0.005898894
35180000,35100000,6620172,487.03537,0.1100481,0.7486267,12.460732,0.004997405
35244000,35160000,6620172,487.04245,0.110138774,0.7955017,12.4630785,0.005641757
35300000,35220000,6620172,487.0496,0.110095195,0.80236816,12.464947,0.005738712
35364000,35280000,6620172,487.05716,0.11018538,0.8496704,12.467401,0.0064340224
35420000,35338666,6620172,487.06424,0.110140264,0.79278564,12.456139,0.00560642
35484000,35400000,6620172,487.07144,0.11022892,0.80682373,12.458405,0.0058056707
35540000,35460000,6620172,487.07794,0.11018335,0.7292175,12.460213,0.0047418326
35604000,35518000,6620172,487.0838,0.11027157,0.6551819,12.462591,0.0038271272
35660000,35578666,6620172,487.09085,0.11022559,0.7917175,12.46449,0.0055875764
35724000,35640000,6620172,487.0979,0.11031341,0.7880554,12.466983,0.0055348985
35780000,35698666,6620172,487.10437,0.110267036,0.7260437,12.468972,0.0046973443
35844000,35760000,6620172,487.11072,0.11035339,0.70932007,12.457912,0.00448742
35900000,35820000,6620172,487.11777,0.11030556,0.7888794,12.459749,0.005549699
35964000,35880000,6620172,487.12424,0.110391565,0.72387695,12.46216,0.0046719015
36020000,35940000,6620172,487.1302,0.110343404,0.6670532,12.46409,0.003966595
36084000,36000000,6620172,487.13672,0.110429086,0.7312927,12.46662,0.0047664084
36140000,36060000,6620172,487.14334,0.11038062,0.7407837,12.468646,0.004890137
36204000,36120000,6620172,487.1499,0.11046601,0.7341614,12.471294,0.004802076
36260000,36180000,6620172,487.15524,0.11041614,0.5985718,12.459315,0.0031951834
36324000,36240000,6620172,487.1607,0.110500135,0.61209106,12.461756,0.0033404913
36380000,36300000,6620172,487.1661,0.11045,0.604126,12.463715,0.0032536064
36444000,36360000,6620172,487.17273,0.11053375,0.73968506,12.466276,0.00487657
36500000,36420000,6620172,487.17902,0.110483386,0.70184326,12.468333,0.0043896446
36564000,36480000,6620172,487.18536,0.11056692,0.7098999,12.471018,0.004490036
36620000,36540000,6620172,487.19095,0.11051521,0.62490845,12.458881,0.0034826612
36684000,36598000,6620172,487.1966,0.110597394,0.62893677,12.461346,0.0035270085
36732000,36648000,6620172,487.2021,0.11041267,0.6138916,12.46278,0.0033598966
36788000,36708000,6620172,487.20746,0.11036419,0.60150146,12.464804,0.0032251165
36852000,36768000,6620172,487.213,0.11044957,0.62005615,12.467443,0.003426432
36908000,36828000,6620172,487.2187,0.11040081,0.63616943,12.469565,0.0036062163
36972000,36888000,6620172,487.2249,0.110485926,0.6972351,12.47233,0.0043308027
37028000,36948000,6620172,487.22964,0.11043574,0.53012085,12.4598675,0.0025060738
37092000,37008000,6620172,487.23486,0.11051943,0.58288574,12.4623995,0.003029163
37148000,37068000,6620172,487.23923,0.11046901,0.48660278,12.464439,0.002110736
37212000,37126000,6620172,487.24338,0.11055249,0.46472168,12.467097,0.0019247663
37260000,37176000,6620172,487.24875,0.110369034,0.6028137,12.468656,0.0032382035
37316000,37236000,6620172,487.2539,0.11032181,0.5767517,12.470838,0.0029637367
37380000,37296000,6620172,487.25842,0.11040845,0.506897,12.473672,0.0022887723
37436000,37356000,6620172,487.26315,0.11035973,0.53045654,12.460881,0.0025090443
37500000,37416000,6620172,487.2679,0.110444866,0.53082275,12.463474,0.0025119872
37556000,37476000,6620172,487.2721,0.11039587,0.4675293,12.465565,0.0019483331
37620000,37536000,6620172,487.27603,0.11048075,0.44039917,12.468286,0.0017283979
37676000,37594666,6620172,487.28043,0.11043151,0.49139404,12.470476,0.0021514648
37740000,37656000,6620172,487.28558,0.11051615,0.5768738,12.473322,0.0029644012
37796000,37714666,6620172,487.29034,0.11046669,0.53182983,12.475611,0.0025190748
37860000,37776000,6620172,487.2937,0.110549875,0.3762207,12.462984,0.0012618881
37916000,37834666,6620172,487.2976,0.110498965,0.43719482,12.465076,0.0017037763
37980000,37896000,6620172,487.30148,0.110581964,0.43325806,12.467796,0.0016728658
38036000,37956000,6620172,487.30594,0.11053087,0.49749756,12.469989,0.0022053288
38092000,38012000,6620172,487.3106,0.11048087,0.52316284,12.472227,0.0024383008
38148000,38064000,6620172,487.3142,0.11043194,0.4029541,12.474512,0.0014462557
38204000,38124000,6620172,487.31815,0.11038408,0.4399109,12.476842,0.0017233847
38268000,38184000,6620172,487.32193,0.11046882,0.42477417,12.463931,0.0016084911
38324000,38244000,6620172,487.32562,0.11041944,0.41342163,12.466058,0.0015234029
38388000,38304000,6620172,487.3301,0.110503934,0.502655,12.46882,0.0022515014
38444000,38364000,6620172,487.33398,0.11045432,0.4331665,12.4710455,0.0016717231
38508000,38424000,6620172,487.33698,0.11053861,0.33422852,12.473932,0.0009950413
38564000,38484000,6620172,487.34,0.110488795,0.3383789,12.4762535,0.0010197174
38628000,38544000,6620172,487.3421,0.11057161,0.23678589,12.463259,0.00049984746
38684000,38604000,6620172,487.34485,0.11052033,0.30776978,12.465372,0.00084431435
38748000,38664000,6620172,487.34787,0.110602975,0.33706665,12.468117,0.0010124841
38804000,38722666,6620172,487.3516,0.110551536,0.4152527,12.470328,0.0015364008
38868000,38784000,6620172,487.35483,0.11063402,0.3624878,12.473196,0.0011704867
38924000,38844000,6620172,487.3583,0.11058244,0.3885193,12.475504,0.0013443879
38988000,38902000,6620172,487.3605,0.1106648,0.24700928,12.478491,0.00054327777
39036000,38952000,6620172,487.3624,0.11047897,0.21130371,12.464049,0.00039802704
39092000,39008000,6620172,487.365,0.11042941,0.2904663,12.466186,0.0007519958
39156000,39070000,6620172,487.36835,0.11051375,0.37445068,12.468957,0.0012494435
39204000,39120000,6620172,487.37076,0.11033114,0.27011108,12.47059,0.0006500628
39260000,39180000,6620172,487.3731,0.11028476,0.26324463,12.472861,0.00061732007
39324000,39240000,6620172,487.37494,0.11037222,0.20675659,12.475801,0.00038072182
39380000,39300000,6620172,487.37756,0.11032553,0.29522705,12.478166,0.0007761024
39444000,39360000,6620172,487.37994,0.11041138,0.2678833,12.464756,0.0006396833
39500000,39418666,6620172,487.38235,0.110363096,0.27017212,12.4669075,0.0006505487
39564000,39480000,6620172,487.38464,0.11044867,0.25509644,12.469696,0.00057984295
39620000,39538666,6620172,487.38766,0.11040012,0.33706665,12.471943,0.0010121735
39684000,39600000,6620172,487.38968,0.11048545,0.22668457,12.474852,0.0004576843
39740000,39660000,6620172,487.3915,0.110436656,0.20596313,12.47719,0.00037776324
39804000,39720000,6620172,487.3931,0.110521756,0.17788696,12.480215,0.00028172386
39860000,39780000,6620172,487.3956,0.11047141,0.2789917,12.465927,0.0006937699
39924000,39838000,6620172,487.39682,0.11055497,0.13595581,12.46868,0.00016471476
39972000,39888000,6620172,487.39926,0.110371605,0.27389526,12.4703,0.00066842034
40028000,39948000,6620172,487.4008,0.11032447,0.17129517,12.472554,0.00026139198
40092000,40006000,6620172,487.4022,0.110411204,0.15649414,12.475474,0.00021812056
40140000,40056000,6620172,487.40515,0.11023095,0.33148193,12.477186,0.0009784993
40196000,40116000,6620172,487.40744,0.11018689,0.2558899,12.479568,0.0005829942
40316000,40236000,6620172,487.40903,0.110229544,0.1098938,12.468058,0.000107623
40436000,40356000,6620172,487.41113,0.11027148,0.14968872,12.473129,0.00019959985
40556000,40476000,6620172,487.4127,0.11031277,0.08996582,12.478404,7.206984e-05
40620000,40536000,6620172,487.41403,0.11039886,0.15011597,12.464851,0.00020087419
40676000,40594666,6620172,487.41544,0.1103508,0.15594482,12.466989,0.0002167394
40796000,40716000,6620172,487.4169,0.11038827,0.10858154,12.471987,0.00010503496
40860000,40776000,6620172,487.41965,0.11047381,0.308136,12.474873,0.0008456803
40916000,40834666,6620172,487.4209,0.11042523,0.1413269,12.477189,0.00017786496
40980000,40896000,6620172,487.4222,0.11051053,0.14761353,12.480187,0.00019399417
41148000,41064000,6620172,487.42444,0.11036559,0.1699524,12.470168,0.0002573592
41268000,41184000,6620172,487.42593,0.11040538,0.081207275,12.475288,5.8734975e-05
41324000,41244000,6620172,487.42838,0.110358045,0.27438354,12.477607,0.00067041285
41388000,41304000,6620172,487.4296,0.11044458,0.13632202,12.480608,0.00016544505
41564000,41484000,6620172,487.4318,0.11043137,0.14291382,12.471059,0.00018197116
41748000,41664000,6620172,487.4329,0.11055113,0.13214111,12.47914,0.00015547077
41804000,41724000,6620172,487.4349,0.110501505,0.22485352,12.481506,0.00045008014
41868000,41784000,6620172,487.4362,0.11058443,0.14428711,12.467508,0.00018553801
42044000,41964000,6620172,487.438,0.110564694,0.15228271,12.474708,0.00020655149
42164000,42084000,6620172,487.43918,0.11059583,0.03656006,12.479947,1.1900316e-05
42524000,42444000,6620172,487.44055,0.11067981,0.06417847,12.478411,3.667557e-05
42644000,42564000,6620172,487.44257,0.11070611,0.14486694,12.466824,0.00018704247
42764000,42680000,6620172,487.44366,0.11073094,0.075286865,12.471703,5.0497536e-05
42996000,42910000,6620172,487.44485,0.11065899,0.023162842,12.481448,4.776131e-06
43332000,43248000,6620172,487.4464,0.1103611,0.06484985,12.477953,3.7448302e-05
43388000,43308000,6620172,487.44742,0.11031477,0.11431885,12.480282,0.00011635064
44220000,44136000,6620172,487.44852,0.11044157,0.05569458,12.465214,2.7649268e-05
44684000,44604000,6620172,487.44736,0.11031787,-0.031219482,12.467428,8.686244e-06
44804000,44724000,6620172,487.44846,0.11035656,0.10058594,12.472338,9.013307e-05
45564000,45480000,6620172,487.44952,0.110289216,0.010559082,12.470556,9.933996e-07
45980000,45900000,6620172,487.44843,0.110364206,-0.07800293,12.471321,5.4208434e-05
46044000,45960000,6620172,487.44727,0.11045012,-0.13082886,12.474134,0.00015245937
46340000,46260000,6620172,487.4484,0.11047181,0.03829956,12.469877,1.307022e-05
46644000,46560000,6620172,487.44968,0.11062088,0.083740234,12.466374,6.250081e-05
46820000,46740000,6620172,487.45074,0.11059893,0.029327393,12.4734125,7.661593e-06
47004000,46920000,6620172,487.44888,0.11071004,-0.10018921,12.476896,8.93908e-05
47604000,47520000,6620172,487.44763,0.11083695,-0.12036133,12.473181,0.00012904887
47660000,47580000,6620172,487.44876,0.11078173,0.12768555,12.475403,0.0001452066
47900000,47820000,6620172,487.44757,0.11082613,-0.022277832,12.468883,4.4225812e-06
48380000,48300000,6620172,487.4462,0.11090613,-0.06375122,12.472223,3.6206842e-05
48740000,48660000,6620172,487.44763,0.11095842,0.13760376,12.470651,0.00016870539
49436000,49356000,6620172,487.4463,0.11065978,-0.17886353,12.465921,0.00028515217
49916000,49836000,6620172,487.44736,0.110761635,0.07397461,12.469255,4.8762093e-05
50036000,49956000,6620172,487.44916,0.11078488,0.15472412,12.474203,0.0002132361
50276000,50196000,6620172,487.45065,0.1108287,0.16522217,12.467777,0.00024327927
50444000,50364000,6620172,487.45236,0.110661,0.13272095,12.474264,0.00015689946
50612000,50532000,6620172,487.45355,0.11050571,0.076049805,12.476525,5.1506264e-05
50732000,50652000,6620172,487.45547,0.11053729,0.13897705,12.469436,0.00017210635
50796000,50712000,6620172,487.4572,0.110619955,0.1928711,12.472199,0.0003313971
50852000,50770666,6620172,487.45956,0.11056854,0.26419067,12.474415,0.00062168774
50916000,50832000,6620172,487.46094,0.110651046,0.15258789,12.477291,0.00020733723
50972000,50892000,6620172,487.46326,0.11059949,0.2590332,12.479592,0.0005974038
51036000,50950000,6620172,487.46506,0.110680535,0.20022583,12.465977,0.00035733156
51084000,51000000,6620172,487.4671,0.1104947,0.2277832,12.467502,0.00046240387
51140000,51058666,6620172,487.469,0.11044514,0.21331787,12.469638,0.00040546944
51204000,51120000,6620172,487.47134,0.11052947,0.26119995,12.472413,0.0006077895
51260000,51180000,6620172,487.47485,0.11047968,0.3934021,12.474639,0.0013784876
51324000,51240000,6620172,487.4792,0.1105638,0.48361206,12.477528,0.0020826831
51380000,51298666,6620172,487.48267,0.11051382,0.38961792,12.47984,0.001351532
51444000,51360000,6620172,487.4851,0.11059642,0.27340698,12.466137,0.0006662616
51500000,51420000,6620172,487.48886,0.11054493,0.42044067,12.468245,0.001575294
51564000,51480000,6620172,487.49347,0.11062735,0.5147705,12.470984,0.002360935
51620000,51540000,6620172,487.49768,0.110575706,0.47131348,12.473184,0.0019787909
51684000,51600000,6620172,487.50162,0.11065799,0.4413147,12.476038,0.0017345132
51740000,51660000,6620172,487.50735,0.1106062,0.6426697,12.478325,0.0036777044
51804000,51720000,6620172,487.5141,0.11068836,0.75527954,12.481293,0.0050782417
51860000,51780000,6620172,487.51852,0.11063511,0.49475098,12.466848,0.002181595
51924000,51840000,6620172,487.52258,0.11071581,0.45236206,12.469552,0.0018233876
51980000,51900000,6620172,487.5277,0.11066246,0.5743103,12.471724,0.00293849
52044000,51960000,6620172,487.53442,0.11074307,0.7494507,12.474545,0.0050028665
52100000,52018666,6620172,487.53986,0.11068964,0.6070862,12.476805,0.0032821225
52164000,52080000,6620172,487.54633,0.11077018,0.721344,12.47974,0.004632728
52220000,52140000,6620172,487.55008,0.11071535,0.4179077,12.465451,0.0015567191
52284000,52200000,6620172,487.55588,0.1107945,0.64611816,12.468121,0.0037203205
52340000,52260000,6620172,487.5625,0.110739626,0.7375183,12.470263,0.0048464923
52404000,52320000,6620172,487.56915,0.11081873,0.7418518,12.473047,0.004902519
52460000,52380000,6620172,487.57593,0.11076382,0.75460815,12.47528,0.0050716605
52524000,52440000,6620172,487.5825,0.110842906,0.7307739,12.478179,0.0047552395
52580000,52498666,6620172,487.59024,0.11078798,0.8659973,12.480499,0.00667665
52644000,52560000,6620172,487.59598,0.110865705,0.6388855,12.466689,0.003637914
52700000,52620000,6620172,487.60168,0.11080944,0.638031,12.4688015,0.0036275745
52764000,52680000,6620172,487.60718,0.11088717,0.61361694,12.471547,0.0033545312
52820000,52740000,6620172,487.61404,0.11083091,0.76556396,12.47375,0.0052206363
52884000,52800000,6620172,487.62167,0.110908665,0.85040283,12.47661,0.0064403624
52940000,52860000,6620172,487.63004,0.110852435,0.9317322,12.4789,0.0077297133
53004000,52920000,6620172,487.63806,0.11093023,0.89608765,12.48187,0.007147906
53060000,52980000,6620172,487.64352,0.11087268,0.6075134,12.467338,0.0032892397
53124000,53040000,6620172,487.65005,0.11094916,0.7258606,12.470043,0.0046945713
53180000,53100000,6620172,487.65686,0.11089166,0.7585449,12.472212,0.0051259766
53244000,53158000,6620172,487.66406,0.1109682,0.8009949,12.475029,0.0057144626
53292000,53208000,6620172,487.67136,0.11077795,0.8157959,12.4766655,0.0059268232
53348000,53268000,6620172,487.67825,0.11072407,0.7710266,12.478955,0.0052931965
53412000,53328000,6620172,487.68494,0.11080379,0.7457886,12.47728,0.004953008
53468000,53388000,6620172,487.69095,0.110748515,0.6716614,12.467408,0.0040205186
53532000,53448000,6620172,487.6971,0.11082722,0.6862793,12.470114,0.004196516
53588000,53508000,6620172,487.703,0.110771924,0.65838623,12.472283,0.0038616508
53652000,53568000,6620172,487.70966,0.11085062,0.74035645,12.475101,0.00488197
53708000,53628000,6620172,487.71558,0.110795304,0.66189575,12.477357,0.0039013426
53772000,53688000,6620172,487.7221,0.11087399,0.72787476,12.480282,0.0047167884
53828000,53748000,6620172,487.7277,0.11081734,0.62420654,12.466002,0.003472857
53892000,53808000,6620172,487.73203,0.1108947,0.48410034,12.468666,0.002088374
53948000,53868000,6620172,487.73642,0.11083807,0.49111938,12.470799,0.0021490047
54012000,53928000,6620172,487.74112,0.11091545,0.52230835,12.473574,0.00243008
54068000,53988000,6620172,487.74515,0.11085885,0.44900513,12.475794,0.0017955268
54132000,54048000,6620172,487.7495,0.11093627,0.48623657,12.478676,0.0021051557
54188000,54108000,6620172,487.75406,0.11087971,0.50775146,12.480977,0.002295151
54252000,54168000,6620172,487.75754,0.11095583,0.3859558,12.467147,0.0013275949
54308000,54228000,6620172,487.76083,0.11089797,0.36645508,12.469244,0.0011966272
54372000,54288000,6620172,487.76382,0.11097415,0.3331604,12.471972,0.000988847
54428000,54348000,6620172,487.76566,0.11091636,0.2048645,12.474156,0.00037383477
54492000,54408000,6620172,487.76764,0.11099261,0.21942139,12.4769945,0.00042875126
54548000,54468000,6620172,487.76923,0.110934906,0.17593384,12.479263,0.00027559244
54612000,54528000,6620172,487.77045,0.11100991,0.13427734,12.465678,0.00016071154
54788000,54708000,6620172,487.7715,0.11096723,0.02130127,12.472581,4.0421473e-06
54852000,54768000,6620172,487.77032,0.11104243,-0.13165283,12.475381,0.00015437043
54908000,54826666,6620172,487.76852,0.1109837,-0.19894409,12.477619,0.00035244218
54972000,54886000,6620172,487.7662,0.111059025,-0.25842285,12.48053,0.00059454713
55020000,54936000,6620172,487.76346,0.110866554,-0.30480957,12.469331,0.0008278879
55076000,54996000,6620172,487.7601,0.11081049,-0.37487793,12.471544,0.0012520365
55140000,55056000,6620172,487.75623,0.11088844,-0.433136,12.474415,0.0016710362
55196000,55114666,6620172,487.75098,0.11083239,-0.58432007,12.476722,0.0030405952
55260000,55176000,6620172,487.745,0.11091037,-0.6661682,12.479711,0.0039511253
55316000,55236000,6620172,487.73907,0.11085437,-0.66134644,12.482108,0.0038933873
55380000,55296000,6620172,487.73193,0.110932395,-0.79678345,12.485213,0.0056499178
55436000,55353333,6620172,487.7235,0.11087533,-0.9381714,12.473798,0.007840128
55484000,55404000,6620172,487.71478,0.11068665,-0.9763489,12.475534,0.008490014
55548000,55464000,6620172,487.70575,0.110767156,-1.0069275,12.478589,0.009027935
55604000,55524000,6620172,487.69458,0.11071363,-1.2462463,12.481049,0.013826562
55668000,55584000,6620172,487.68387,0.1107941,-1.1947937,12.484227,0.012705204
55724000,55644000,6620172,487.6704,0.11074055,-1.5035095,12.486779,0.020114973
55788000,55704000,6620172,487.658,0.11082101,-1.388916,12.490078,0.017161068
55844000,55764000,6620172,487.64612,0.11076611,-1.3241272,12.475956,0.0156150395
55908000,55824000,6620172,487.63416,0.11084504,-1.3351135,12.476673,0.015874319
55964000,55884000,6620172,487.62332,0.11078991,-1.210907,12.478399,0.0130563015
56028000,55944000,6620172,487.61224,0.11086885,-1.2348633,12.4821825,0.013573902
56084000,56004000,6620172,487.59995,0.110813946,-1.3747864,12.486501,0.016818495
56148000,56064000,6620172,487.58908,0.11089334,-1.214447,12.493173,0.013117223
56204000,56124000,6620172,487.57724,0.11083784,-1.3217773,12.484608,0.015548884
56268000,56184000,6620172,487.5679,0.110915355,-1.0400085,12.475174,0.009633514
56324000,56240000,6620172,487.55835,0.110859014,-1.064209,12.478998,0.010083972
56372000,56292000,6620172,487.54895,0.11067118,-1.0513611,12.482379,0.0098392945
56436000,56352000,6620172,487.53903,0.110752724,-1.107727,12.488173,0.010917523
56492000,56412000,6620172,487.52924,0.11070045,-1.0956116,12.493463,0.010675492
56556000,56472000,6620172,487.5194,0.11078245,-1.0978088,12.500405,0.010712401
56612000,56532000,6620172,487.50903,0.1107307,-1.1624146,12.506616,0.012004381
56676000,56592000,6620172,487.5005,0.11081176,-0.9562378,12.495483,0.008130856
56732000,56652000,6620172,487.49167,0.11075911,-0.98831177,12.501902,0.008680992
56796000,56712000,6620172,487.48322,0.110840835,-0.9455261,12.510061,0.00794045
56852000,56772000,6620172,487.47437,0.11078889,-0.9895935,12.5172205,0.008692872
56916000,56832000,6620172,487.46582,0.11087137,-0.9570923,12.52621,0.008125413
56972000,56892000,6620172,487.4566,0.11082021,-1.03302,12.533976,0.00945989
57036000,56952000,6620172,487.4483,0.110901356,-0.92800903,12.516494,0.00764503
57092000,57012000,6620172,487.4406,0.11084886,-0.8613281,12.523874,0.0065819724
57156000,57072000,6620172,487.4328,0.110930815,-0.87506104,12.533043,0.0067885597
57212000,57132000,6620172,487.42563,0.110879146,-0.80300903,12.54086,0.0057130894
57276000,57192000,6620172,487.4168,0.11096195,-0.98883057,12.550519,0.008656445
57332000,57252000,6620172,487.40775,0.11091114,-1.01651,12.558635,0.009141941
57396000,57312000,6620172,487.39923,0.110994816,-0.95532227,12.568634,0.008068061
57452000,57372000,6620172,487.39188,0.11094196,-0.8250427,12.540364,0.006031151
57516000,57432000,6620172,487.3837,0.11102356,-0.9165039,12.549422,0.007437079
57572000,57492000,6620172,487.37668,0.11097152,-0.7872925,12.556966,0.0054846006
57636000,57552000,6620172,487.36847,0.11105393,-0.9218445,12.566249,0.0075139306
57692000,57612000,6620172,487.35956,0.11100268,-0.99935913,12.573866,0.008825348
57756000,57672000,6620172,487.35123,0.111085884,-0.9347229,12.583248,0.007714903
57812000,57732000,6620172,487.3449,0.111032054,-0.7073364,12.548475,0.0044301515
57876000,57792000,6620172,487.33734,0.11111263,-0.84606934,12.556785,0.006334188
57932000,57850666,6620172,487.3293,0.111059524,-0.8998718,12.56357,0.0071615293
57996000,57912000,6620172,487.32205,0.11114082,-0.815094,12.571942,0.0058717895
58052000,57972000,6620172,487.3139,0.11108841,-0.9148865,12.578678,0.0073936163
58116000,58032000,6620172,487.30606,0.11117039,-0.8800354,12.587016,0.006836518
58172000,58092000,6620172,487.2989,0.11111864,-0.80389404,12.593615,0.005701705
58236000,58152000,6620172,487.29306,0.11119764,-0.65270996,12.556487,0.0037698997
58292000,58212000,6620172,487.28568,0.111142926,-0.82592773,12.5623865,0.0060335016
58356000,58272000,6620172,487.27966,0.11122255,-0.6743164,12.569706,0.004019387
58412000,58332000,6620172,487.27298,0.11116843,-0.7508545,12.575507,0.0049813096
58476000,58392000,6620172,487.26654,0.111248635,-0.7234802,12.582743,0.004622059
58532000,58452000,6620172,487.25958,0.11119507,-0.78237915,12.588385,0.005402839
58596000,58512000,6620172,487.25168,0.11127582,-0.88708496,12.595472,0.0069418214
58652000,58572000,6620172,487.24612,0.1112192,-0.6201172,12.556013,0.0034029318
58716000,58632000,6620172,487.24066,0.11129687,-0.61013794,12.562344,0.0032926297
58772000,58692000,6620172,487.23462,0.111240774,-0.6781006,12.567307,0.004065402
58836000,58752000,6620172,487.22974,0.11131896,-0.5456543,12.57355,0.002631084
58892000,58812000,6620172,487.22467,0.11126335,-0.5676575,12.57837,0.002846465
58956000,58872000,6620172,487.2193,0.111342005,-0.6001587,12.584477,0.0031802005
59012000,58932000,6620172,487.2145,0.11128684,-0.537323,12.589115,0.002548198
59076000,58992000,6620172,487.2115,0.11136253,-0.33584595,12.5526705,0.000998393
59132000,59052000,6620172,487.20847,0.11130443,-0.3385315,12.556945,0.0010140787
59196000,59112000,6620172,487.20584,0.111380585,-0.29345703,12.562362,0.0007616847
59252000,59170666,6620172,487.20236,0.111322924,-0.38989258,12.566519,0.0013441027
59316000,59232000,6620172,487.19897,0.1113995,-0.3805542,12.571832,0.0012799469
59372000,59292000,6620172,487.19778,0.11134225,-0.13272095,12.575846,0.00015563212
59492000,59412000,6620172,487.19598,0.111356184,-0.12008667,12.546024,0.00012771472
59668000,59588000,6620172,487.19727,0.1113128,0.09283447,12.558014,7.6252676e-05
59780000,59698666,6620172,487.19833,0.111200415,0.18777466,12.565049,0.00031179364
59844000,59760000,6620172,487.2003,0.1112762,0.2185669,12.534555,0.0004234648
59900000,59820000,6620172,487.2018,0.11121812,0.17089844,12.537836,0.0002588279
59964000,59880000,6620172,487.20407,0.11129419,0.2531128,12.542062,0.0005675665
60020000,59940000,6620172,487.2072,0.11123638,0.35153198,12.54528,0.0010944774
60084000,60000000,6620172,487.2117,0.11131272,0.5020447,12.549459,0.0022316042
60140000,60060000,6620172,487.21597,0.11125516,0.47644043,12.552603,0.0020092821
60204000,60120000,6620172,487.22073,0.111331746,0.53082275,12.556723,0.0024933328
60260000,60180000,6620172,487.22455,0.11127188,0.4260559,12.528059,0.0016099296
60324000,60240000,6620172,487.2286,0.11134617,0.45257568,12.531906,0.001816029
60380000,60300000,6620172,487.23407,0.111286595,0.6097717,12.534843,0.0032958933
60444000,60360000,6620172,487.2406,0.11136117,0.7298584,12.538675,0.004720446
60500000,60418666,6620172,487.24777,0.11130186,0.80007935,12.541569,0.005671158
60564000,60480000,6620172,487.25443,0.111376695,0.7411194,12.545372,0.0048646354
60620000,60540000,6620172,487.26065,0.11131531,0.69537354,12.51918,0.004291587
60684000,60600000,6620172,487.26706,0.11138809,0.7125244,12.522743,0.004504613
60740000,60658666,6620172,487.27432,0.11132701,0.8093567,12.525473,0.0058108987
60804000,60720000,6620172,487.2823,0.11140008,0.8887329,12.529044,0.0070045795
60860000,60780000,6620172,487.2904,0.11133929,0.9055481,12.531756,0.0072705722
60924000,60840000,6620172,487.29938,0.11141265,1.0001221,12.535327,0.008866003
60980000,60900000,6620172,487.3085,0.11135214,1.0171814,12.538013,0.009169076
61044000,60960000,6620172,487.3178,0.11142361,1.0366821,12.514746,0.009541721
61100000,61020000,6620172,487.32614,0.111361235,0.9295044,12.517328,0.007669177
61164000,61080000,6620172,487.33548,0.11143302,1.0390625,12.520713,0.009581021
61220000,61140000,6620172,487.34467,0.11137096,1.0248413,12.5233,0.009318627
61284000,61200000,6620172,487.35468,0.11144306,1.1157532,12.526708,0.01104223
61340000,61260000,6620172,487.3645,0.1113813,1.0968933,12.529292,0.010669885
61404000,61320000,6620172,487.37546,0.1114537,1.2211304,12.532716,0.01322015
61460000,61380000,6620172,487.3839,0.11139022,0.94125366,12.5103445,0.007868675
61524000,61440000,6620172,487.39313,0.11146091,1.0256653,12.5136,0.0093408525
61580000,61500000,6620172,487.40222,0.111397766,1.0121155,12.5161085,0.009093861
61644000,61560000,6620172,487.41232,0.11146879,1.1228027,12.519408,0.011188725
61700000,61618666,6620172,487.42303,0.111405976,1.1948242,12.521933,0.0126675945
61764000,61680000,6620172,487.43387,0.11147733,1.2056274,12.52527,0.012894267
61820000,61740000,6620172,487.44418,0.11141295,1.145813,12.504418,0.011665987
61884000,61800000,6620172,487.4544,0.11148275,1.137207,12.507595,0.011488484
61940000,61860000,6620172,487.46365,0.111418724,1.0285034,12.5100565,0.009395279
62004000,61920000,6620172,487.4733,0.11148888,1.0742798,12.513295,0.010247563
62060000,61980000,6620172,487.48306,0.111425206,1.0881958,12.515792,0.010512675
62124000,62040000,6620172,487.49347,0.11149571,1.1589661,12.519085,0.011921374
62180000,62100000,6620172,487.5045,0.11143239,1.225769,12.521609,0.013332593
62244000,62158000,6620172,487.51315,0.11150144,0.96203613,12.502656,0.00822504
62300000,62218666,6620172,487.522,0.11143668,0.98483276,12.505103,0.0086177755
62364000,62280000,6620172,487.53082,0.11150611,0.9805603,12.508315,0.008540972
62420000,62340000,6620172,487.54077,0.11144173,1.105957,12.510811,0.010862969
62484000,62400000,6620172,487.55057,0.111511536,1.0881653,12.514093,0.010513513
62540000,62460000,6620172,487.56097,0.11144753,1.1574402,12.516632,0.011892335
62604000,62520000,6620172,487.5707,0.111517705,1.0845032,12.5199795,0.010437957
62660000,62580000,6620172,487.57843,0.111451834,0.8576355,12.4949875,0.006540744
62724000,62640000,6620172,487.58542,0.111520156,0.77664185,12.497962,0.005362408
62780000,62700000,6620172,487.59354,0.111454666,0.903656,12.500287,0.0072584483
62844000,62760000,6620172,487.60257,0.11152337,1.0040894,12.503346,0.008959338
62900000,62820000,6620172,487.61118,0.111458264,0.9555969,12.505729,0.008113309
62964000,62880000,6620172,487.62073,0.11152735,1.0617065,12.50887,0.010012635
63020000,62940000,6620172,487.6276,0.11146066,0.7635498,12.487035,0.0051876763
63084000,63000000,6620172,487.63376,0.111528166,0.6848755,12.489836,0.0041727656
63140000,63060000,6620172,487.64114,0.11146186,0.8196411,12.492035,0.005975466
63204000,63120000,6620172,487.64813,0.11152975,0.774353,12.494931,0.0053321407
63260000,63180000,6620172,487.65506,0.111463845,0.76956177,12.497199,0.005265405
63324000,63240000,6620172,487.66254,0.11153213,0.82943726,12.500189,0.0061151623
63380000,63300000,6620172,487.67044,0.11146661,0.8779602,12.502513,0.006850304
63444000,63360000,6620172,487.6753,0.11153348,0.5373535,12.483334,0.0025700827
63500000,63420000,6620172,487.68045,0.11146654,0.57281494,12.485399,0.002920006
63564000,63480000,6620172,487.68628,0.1115338,0.6478882,12.488101,0.0037347472
63620000,63540000,6620172,487.69235,0.11146725,0.6757202,12.490197,0.0040618326
63684000,63600000,6620172,487.69843,0.111534886,0.67276,12.492943,0.0040254374
63740000,63660000,6620172,487.70422,0.11146871,0.6428528,12.495058,0.0036748727
63804000,63720000,6620172,487.71075,0.11153671,0.723999,12.497837,0.004660136
63860000,63778666,6620172,487.71603,0.11146926,0.58670044,12.479737,0.0030646783
63924000,63838000,6620172,487.72076,0.11153599,0.52471924,12.482226,0.0024508652
63972000,63888000,6620172,487.72592,0.1113361,0.57141113,12.48356,0.0029061392
64028000,63946666,6620172,487.73108,0.11127272,0.5722656,12.48549,0.002914387
64092000,64006000,6620172,487.7365,0.11134346,0.6031494,12.488031,0.003236781
64148000,64066666,6620172,487.741,0.111280315,0.4992981,12.489977,0.002217766
64212000,64128000,6620172,487.74573,0.11135094,0.52612305,12.488333,0.0024627917
64268000,64188000,6620172,487.7492,0.11128653,0.3874817,12.476,0.0013371635
64332000,64246000,6620172,487.75366,0.11135623,0.49331665,12.478323,0.0021669697
64380000,64296000,6620172,487.75717,0.11115924,0.39138794,12.4795475,0.0013638717
64436000,64356000,6620172,487.7606,0.111098714,0.38201904,12.48134,0.0012991709
64500000,64416000,6620172,487.7648,0.11117224,0.46798706,12.483713,0.0019493122
64556000,64474666,6620172,487.76886,0.11111181,0.4517212,12.485521,0.0018158992
64620000,64536000,6620172,487.77118,0.11118407,0.25949097,12.471006,0.00059992983
64676000,64596000,6620172,487.7749,0.11112239,0.41418457,12.472655,0.0015282219
64740000,64656000,6620172,487.77866,0.11119477,0.41677856,12.474844,0.0015471524
64796000,64716000,6620172,487.78186,0.11113321,0.35668945,12.476519,0.0011330383
64860000,64774000,6620172,487.785,0.111205705,0.35012817,12.4787445,0.0010915427
64908000,64824000,6620172,487.78946,0.11101145,0.49572754,12.479895,0.002187926
64964000,64884000,6620172,487.79266,0.1109536,0.3559265,12.481602,0.0011277371
65028000,64944000,6620172,487.79584,0.11102846,0.35446167,12.4681,0.0011196848
65084000,65004000,6620172,487.79773,0.11096934,0.20959473,12.4696665,0.00039143834
65148000,65064000,6620172,487.79922,0.11104422,0.1666565,12.471757,0.0002474425
65204000,65124000,6620172,487.80203,0.110985115,0.31277466,12.473355,0.00087143964
65268000,65184000,6620172,487.80493,0.11106001,0.3216858,12.475488,0.0009216451
65324000,65242666,6620172,487.807,0.11100092,0.23208618,12.477115,0.00047966928
65444000,65364000,6620172,487.80966,0.111015566,0.21240234,12.466018,0.00040211322
65508000,65424000,6620172,487.81168,0.11108931,0.22436523,12.468022,0.00044861215
65564000,65484000,6620172,487.8129,0.11102909,0.13659668,12.469559,0.00016625959
65684000,65604000,6620172,487.81482,0.11104271,0.121154785,12.47319,0.00013075584
65748000,65664000,6620172,487.81665,0.11111655,0.20513916,12.475302,0.00037480344
65804000,65724000,6620172,487.8178,0.11105621,0.13018799,12.4741125,0.00015096966
65972000,65892000,6620172,487.81946,0.11087732,0.1352539,12.467309,0.00016303634
66036000,65952000,6620172,487.82077,0.11095366,0.14611816,12.469348,0.0001902489
66092000,66010666,6620172,487.82227,0.110895984,0.16601562,12.470917,0.00024555967
66276000,66192000,6620172,487.8243,0.110988654,0.131073,12.462995,0.0001531657
66860000,66780000,6620172,487.82327,0.11082181,-0.05218506,12.466847,2.4271309e-05
66924000,66840000,6620172,487.8217,0.11089912,-0.17617798,12.468998,0.00027658534
67100000,67020000,6620172,487.82,0.11086075,-0.117126465,12.461207,0.0001223228
67164000,67080000,6620172,487.81873,0.110936895,-0.1434021,12.463296,0.00018333086
67284000,67200000,6620172,487.81735,0.110955164,-0.07376099,12.467117,4.8489183e-05
67340000,67260000,6620172,487.8155,0.11089729,-0.20812988,12.468831,0.00038601184
67404000,67320000,6620172,487.81393,0.11097341,-0.17382812,12.471113,0.00026921072
67460000,67380000,6620172,487.81287,0.11091446,-0.118652344,12.459586,0.00012554706
67524000,67440000,6620172,487.81122,0.11098952,-0.18435669,12.46171,0.0003030384
67580000,67498666,6620172,487.80954,0.11093059,-0.18746948,12.463385,0.00031331604
67644000,67560000,6620172,487.80786,0.11100567,-0.18753052,12.465612,0.00031346406
67700000,67618666,6620172,487.8065,0.110946774,-0.15371704,12.467371,0.0002105846
67764000,67680000,6620172,487.80374,0.11102189,-0.30508423,12.469707,0.0008293556
67820000,67738666,6620172,487.802,0.110961966,-0.1921997,12.458261,0.00032946214
67884000,67800000,6620172,487.7995,0.11103606,-0.2778015,12.460423,0.00068816706
67940000,67860000,6620172,487.79755,0.1109762,-0.21591187,12.46214,0.0004156405
68004000,67920000,6620172,487.79535,0.11105036,-0.24563599,12.464416,0.0005378604
68060000,67980000,6620172,487.7931,0.11099057,-0.2503662,12.466223,0.000558694
68124000,68040000,6620172,487.7905,0.111064814,-0.28985596,12.468613,0.00074869307
68180000,68100000,6620172,487.78806,0.111005105,-0.27124023,12.47051,0.0006555133
68244000,68160000,6620172,487.78543,0.11107834,-0.29263306,12.459377,0.0007636738
68300000,68220000,6620172,487.78384,0.11101763,-0.175354,12.461134,0.00027417718
68364000,68280000,6620172,487.78217,0.11109097,-0.18792725,12.463459,0.00031484617
68420000,68340000,6620172,487.78,0.11103038,-0.2411499,12.465312,0.00051835645
68484000,68400000,6620172,487.7781,0.11110383,-0.21160889,12.467755,0.00039905892
68540000,68458666,6620172,487.77493,0.11104336,-0.35443115,12.469704,0.001119348
68604000,68520000,6620172,487.77292,0.11111667,-0.22467041,12.468836,0.00044980404
68660000,68580000,6620172,487.76984,0.11105521,-0.3430481,12.460344,0.0010493913
68724000,68640000,6620172,487.76694,0.111127816,-0.32254028,12.462714,0.0009274976
68780000,68700000,6620172,487.76382,0.1110665,-0.3475647,12.46461,0.0010768374
68844000,68760000,6620172,487.7604,0.11113925,-0.37945557,12.467104,0.0012832574
68900000,68820000,6620172,487.75677,0.11107809,-0.40460205,12.4691,0.0014587422
68964000,68880000,6620172,487.75247,0.11115101,-0.4789734,12.471718,0.0020438733
69020000,68940000,6620172,487.74927,0.11108887,-0.35586548,12.459621,0.0011293391
69084000,69000000,6620172,487.7453,0.111160815,-0.43954468,12.462028,0.0017225619
69140000,69060000,6620172,487.74225,0.111098856,-0.33764648,12.463959,0.0010163094
69204000,69120000,6620172,487.73853,0.11117098,-0.41278076,12.466493,0.0015186304
69260000,69180000,6620172,487.73425,0.111109205,-0.4760437,12.468526,0.0020194636
69324000,69240000,6620172,487.73044,0.11118152,-0.4239502,12.471188,0.0016013245
69380000,69300000,6620172,487.72632,0.11111994,-0.45962524,12.473321,0.001881842
69444000,69360000,6620172,487.72104,0.11119127,-0.5852051,12.461392,0.0030535643
69500000,69417333,6620172,487.7174,0.11112871,-0.40304565,12.46335,0.0014482088
69548000,69468000,6620172,487.7121,0.11093462,-0.5914612,12.464802,0.0031183483
69612000,69528000,6620172,487.70847,0.11100978,-0.4028015,12.46742,0.0014459827
69668000,69584000,6620172,487.70508,0.11095098,-0.37808228,12.469523,0.0012737386
69716000,69634666,6620172,487.70053,0.110760584,-0.5064392,12.471085,0.002285114
69780000,69694000,6620172,487.6954,0.11083938,-0.5731201,12.473881,0.0029258174
69828000,69744000,6620172,487.69144,0.11065015,-0.44326782,12.460633,0.0017520634
69884000,69804000,6620172,487.68707,0.11059725,-0.48840332,12.462635,0.0021266933
69948000,69864000,6620172,487.68332,0.110678285,-0.41848755,12.465248,0.0015610674
70004000,69924000,6620172,487.67917,0.11062526,-0.46447754,12.467354,0.001922705
70068000,69984000,6620172,487.67465,0.11070618,-0.50338745,12.470095,0.0022578367
70124000,70044000,6620172,487.67007,0.11065305,-0.5115967,12.472302,0.0023316655
70188000,70104000,6620172,487.665,0.11073388,-0.56484985,12.475172,0.0028416917
70244000,70162666,6620172,487.66074,0.11067944,-0.4772339,12.4621315,0.0020306157
70308000,70224000,6620172,487.65552,0.11075896,-0.58132935,12.464753,0.0030124395
70364000,70284000,6620172,487.65054,0.11070445,-0.55566406,12.466868,0.0027518498
70428000,70344000,6620172,487.64572,0.11078391,-0.5377197,12.46962,0.0025764173
70484000,70404000,6620172,487.63986,0.11072935,-0.6538696,12.471836,0.0038089866
70548000,70464000,6620172,487.63367,0.110808775,-0.6920471,12.474714,0.0042657778
70604000,70524000,6620172,487.6287,0.110754184,-0.5538025,12.47703,0.0027312161
70668000,70584000,6620172,487.62424,0.11083231,-0.49761963,12.464166,0.002207442
70724000,70644000,6620172,487.6199,0.11077644,-0.48208618,12.46628,0.0020714288
70788000,70704000,6620172,487.61514,0.11085456,-0.53045654,12.469029,0.0025074047
70844000,70764000,6620172,487.61005,0.11079869,-0.5668335,12.471246,0.0028625869
70908000,70824000,6620172,487.6047,0.11087682,-0.59625244,12.474121,0.003166707
70964000,70882666,6620172,487.5987,0.110820964,-0.670105,12.476435,0.0039990116
71028000,70944000,6620172,487.59433,0.11089784,-0.4850464,12.463473,0.0020974178
71084000,71004000,6620172,487.5898,0.11084073,-0.5022583,12.465579,0.002248533
71148000,71064000,6620172,487.58438,0.11091764,-0.60650635,12.468316,0.0032780864
71204000,71124000,6620172,487.57904,0.11086058,-0.5949402,12.470523,0.0031536934
71268000,71184000,6620172,487.5742,0.11093754,-0.5392456,12.473385,0.002590278
71324000,71242666,6620172,487.56897,0.11088054,-0.58032227,12.475689,0.0029993793
71388000,71304000,6620172,487.5629,0.11095757,-0.6754761,12.478674,0.004062646
71444000,71364000,6620172,487.55832,0.11089933,-0.5102234,12.464817,0.0023205574
71508000,71424000,6620172,487.553,0.110975124,-0.59033203,12.467535,0.0031057722
71564000,71484000,6620172,487.54813,0.110916965,-0.5455017,12.469726,0.0026515073
71628000,71544000,6620172,487.54272,0.11099285,-0.6023865,12.472568,0.0032326006
71684000,71604000,6620172,487.5362,0.11093479,-0.7268982,12.474855,0.0047061867
71748000,71664000,6620172,487.53094,0.111010775,-0.58535767,12.477819,0.0030511348
71804000,71724000,6620172,487.52478,0.11095282,-0.68692017,12.4802,0.004200959
71868000,71784000,6620172,487.5204,0.111027576,-0.4885559,12.46658,0.0021273487
71924000,71841333,6620172,487.51562,0.110968396,-0.5284424,12.468747,0.0024884557
71988000,71902000,6620172,487.50958,0.111043274,-0.6737366,12.47156,0.004044054
72036000,71952000,6620172,487.50354,0.1108514,-0.6724243,12.473211,0.0040277825
72092000,72012000,6620172,487.49823,0.11079592,-0.59375,12.4755125,0.0031398316
72156000,72072000,6620172,487.49283,0.11087446,-0.60287476,12.478495,0.0032363054
72212000,72132000,6620172,487.4881,0.110817686,-0.52679443,12.464465,0.0024738093
72276000,72192000,6620172,487.48325,0.11089492,-0.53952026,12.467172,0.0025942097
72332000,72250666,6620172,487.4786,0.11083817,-0.51724243,12.469353,0.002383976
72396000,72312000,6620172,487.4734,0.11091544,-0.58206177,12.47218,0.0030182363
72452000,72372000,6620172,487.46844,0.11085873,-0.550354,12.474456,0.0026978645
72516000,72432000,6620172,487.46432,0.11093605,-0.46035767,12.477403,0.0018872267
72572000,72492000,6620172,487.45947,0.11087941,-0.54278564,12.479768,0.0026230568
72636000,72550000,6620172,487.4549,0.11095534,-0.51065063,12.464865,0.0023244363
72684000,72600000,6620172,487.45013,0.11076437,-0.5296631,12.464764,0.0025007646
72740000,72660000,6620172,487.4457,0.110709704,-0.4923401,12.46614,0.0021605082
72804000,72718000,6620172,487.44116,0.11078906,-0.50723267,12.469508,0.00229257
72860000,72778666,6620172,487.43726,0.110734545,-0.43756104,12.473508,0.0017054781
72924000,72838000,6620172,487.43356,0.11081428,-0.41104126,12.479806,0.0015042517
72980000,72898666,6620172,487.42874,0.11076033,-0.5397644,12.486266,0.0025925874
73044000,72960000,6620172,487.42496,0.11083844,-0.42300415,12.46532,0.0015949364
73100000,73020000,6620172,487.42123,0.11078268,-0.41415405,12.469072,0.0015284359
73164000,73078000,6620172,487.4173,0.110861115,-0.438385,12.474299,0.001711799
73212000,73128000,6620172,487.413,0.1106729,-0.48132324,12.478152,0.0020629128
73268000,73188000,6620172,487.4086,0.11062126,-0.49121094,12.483449,0.0021476275
73332000,73248000,6620172,487.4039,0.11070388,-0.5246277,12.490406,0.0024484056
73388000,73308000,6620172,487.39984,0.11065274,-0.45455933,12.496687,0.0018371462
73452000,73368000,6620172,487.39575,0.11073332,-0.45632935,12.472067,0.0018551364
73508000,73428000,6620172,487.3919,0.110680036,-0.42807007,12.476411,0.0016319151
73572000,73488000,6620172,487.38837,0.11076093,-0.39538574,12.48203,0.0013915995
73628000,73548000,6620172,487.38528,0.11070799,-0.34448242,12.486971,0.0010559285
73692000,73608000,6620172,487.38245,0.110789284,-0.31759644,12.493261,0.00089708355
73748000,73668000,6620172,487.37973,0.11073678,-0.30523682,12.498726,0.0008282578
73812000,73728000,6620172,487.3764,0.110817194,-0.37005615,12.488736,0.0012183561
73868000,73788000,6620172,487.37338,0.110762574,-0.33581543,12.478545,0.0010041413
73932000,73848000,6620172,487.3702,0.11084213,-0.355896,12.483754,0.0011273492
73988000,73908000,6620172,487.3678,0.11078784,-0.2680359,12.488215,0.0006392092
74052000,73966000,6620172,487.3654,0.110867746,-0.27023315,12.4938345,0.0006494399
74100000,74016000,6620172,487.36346,0.11068097,-0.21621704,12.497561,0.00041563495
74156000,74076000,6620172,487.35986,0.1106307,-0.40234375,12.502434,0.0014386576
74220000,74136000,6620172,487.35754,0.11071218,-0.26049805,12.478305,0.0006042419
74276000,74196000,6620172,487.35565,0.110659726,-0.21105957,12.482157,0.00039653174
74340000,74256000,6620172,487.35284,0.110741384,-0.31246948,12.487006,0.0008687891
74396000,74316000,6620172,487.35028,0.110689126,-0.28637695,12.491073,0.0007295144
74460000,74376000,6620172,487.3473,0.11077099,-0.33590698,12.49617,0.0010032719
74516000,74434666,6620172,487.34506,0.11071895,-0.2489624,12.500411,0.00055093545
74580000,74496000,6620172,487.34235,0.11080104,-0.30389404,12.505714,0.0008205279
74636000,74556000,6620172,487.34036,0.11074693,-0.22036743,12.481253,0.00043230885
74700000,74616000,6620172,487.33786,0.11082691,-0.28009033,12.48561,0.0006981423
74756000,74676000,6620172,487.3359,0.110772975,-0.21920776,12.489214,0.00042749816
74820000,74736000,6620172,487.3348,0.11085314,-0.12210083,12.493738,0.00013258742
74876000,74796000,6620172,487.3318,0.110799395,-0.3366394,12.497453,0.0010075483
74940000,74854000,6620172,487.3298,0.110879764,-0.22314453,12.502114,0.00044253387
74988000,74904000,6620172,487.32797,0.110693365,-0.20553589,12.50499,0.00037536127
75044000,74962666,6620172,487.32568,0.11064123,-0.2555542,12.481871,0.0005813582
75108000,75022000,6620172,487.32394,0.11072313,-0.19552612,12.485835,0.00034021187
75156000,75072000,6620172,487.3224,0.11053819,-0.17391968,12.488278,0.00026912394
75276000,75192000,6620172,487.32034,0.11057499,-0.1481018,12.495652,0.00019503801
75332000,75252000,6620172,487.31845,0.11052634,-0.21231079,12.498975,0.00040070727
75452000,75372000,6620172,487.31628,0.11056097,-0.1510315,12.481536,0.00020306004
75516000,75432000,6620172,487.315,0.11064424,-0.14486694,12.485141,0.00018676807
75636000,75550000,6620172,487.31378,0.110676706,-0.0446167,12.491729,1.7706381e-05
75684000,75600000,6620172,487.31274,0.11049305,-0.115448,12.493915,0.00011853095
75740000,75660000,6620172,487.31155,0.110445686,-0.13357544,12.496878,0.00015863871
75804000,75720000,6620172,487.31,0.11053166,-0.17312622,12.493109,0.00026657083
75980000,75898666,6620172,487.3089,0.110517345,-0.016723633,12.486305,2.4887702e-06
76044000,75960000,6620172,487.30774,0.11060176,-0.13110352,12.489655,0.00015290995
76164000,76080000,6620172,487.30615,0.110636376,-0.103149414,12.495711,9.460848e-05
76220000,76140000,6620172,487.30515,0.11058486,-0.112213135,12.476927,0.00011213398
76388000,76306666,6620172,487.30386,0.11043462,-0.08660889,12.484047,6.676164e-05
76452000,76366000,6620172,487.30215,0.11052031,-0.19064331,12.487122,0.0003233987
76556000,76476000,6620172,487.30054,0.11029398,-0.09564209,12.491305,8.13669e-05
76724000,76644000,6620172,487.29803,0.11015542,-0.17364502,12.478291,0.00026848936
77012000,76932000,6620172,487.29672,0.11006916,-0.095825195,12.471544,8.1808175e-05
77196000,77112000,6620172,487.29462,0.11020797,-0.15670776,12.478877,0.0002186568
77492000,77412000,6620172,487.29358,0.110253245,-0.066589355,12.472743,3.9500734e-05
77556000,77472000,6620172,487.29175,0.11034123,-0.20471191,12.475271,0.00037324475
77676000,77592000,6620172,487.29047,0.11038262,-0.09841919,12.479845,8.623982e-05
77796000,77710000,6620172,487.2887,0.11042328,-0.10147095,12.484528,9.163657e-05
77900000,77820000,6620172,487.28986,0.11019721,0.041107178,12.470874,1.5055526e-05
78084000,78000000,6620172,487.28842,0.11032906,-0.07211304,12.47777,4.6307156e-05
78260000,78180000,6620172,487.28717,0.11032379,-0.08050537,12.467963,5.7757938e-05
78444000,78360000,6620172,487.28497,0.110448256,-0.1496582,12.474665,0.00019949392
78860000,78780000,6620172,487.2837,0.11050367,-0.1078186,12.473874,0.00010354843
79044000,78960000,6620172,487.28244,0.11061887,-0.11071777,12.465351,0.000109266664
79460000,79380000,6620172,487.28134,0.11065387,-0.09945679,12.465069,8.817219e-05
79692000,79608000,6620172,487.2802,0.11058042,-0.085510254,12.473244,6.5135006e-05
79812000,79728000,6620172,487.27914,0.11061273,-0.05432129,12.474113,2.6283788e-05
79988000,79908000,6620172,487.27814,0.11059022,-0.014465332,12.468929,1.8645976e-06
80276000,80196000,6620172,487.2757,0.11046861,-0.16378784,12.464412,0.00023913823
80460000,80376000,6620172,487.2746,0.110584676,-0.060943604,12.471456,3.3089986e-05
80516000,80436000,6620172,487.27585,0.11053382,0.14123535,12.473525,0.00017768677
80636000,80556000,6620172,487.277,0.11056459,0.05331421,12.463049,2.534073e-05
80756000,80676000,6620172,487.2788,0.11059378,0.13259888,12.467516,0.00015669575
80820000,80736000,6620172,487.27985,0.11067527,0.114746094,12.4701185,0.00011731748
80924000,80844000,6620172,487.28125,0.11043838,0.18893433,12.473733,0.00031796753
80988000,80904000,6620172,487.28345,0.11052315,0.24420166,12.476502,0.00053108233
81044000,80962666,6620172,487.28464,0.11047257,0.13201904,12.463225,0.00015538181
81108000,81024000,6620172,487.28662,0.11055587,0.22137451,12.465761,0.00043681136
81164000,81081333,6620172,487.28867,0.110505074,0.22775269,12.467797,0.000462269
81212000,81132000,6620172,487.2912,0.11032252,0.28536987,12.469302,0.00072565733
81276000,81192000,6620172,487.29388,0.11040901,0.30090332,12.472012,0.00080663105
81332000,81252000,6620172,487.29767,0.11036134,0.42510986,12.474183,0.0016097104
81396000,81312000,6620172,487.3008,0.11044753,0.35131836,12.477013,0.0010991287
81452000,81372000,6620172,487.30414,0.11039833,0.372406,12.463594,0.0012363675
81516000,81432000,6620172,487.30704,0.110483,0.32366943,12.46618,0.00093374326
81572000,81492000,6620172,487.31143,0.110433534,0.49331665,12.468256,0.0021687194
81636000,81551000,6620172,487.31555,0.11051796,0.461792,12.470961,0.0018999858
81692000,81612000,6620172,487.3209,0.11046826,0.5979004,12.473129,0.003184489
81756000,81672000,6620172,487.32626,0.11055246,0.6007385,12.475946,0.0032140673
81812000,81732000,6620172,487.32965,0.110501304,0.3789673,12.462616,0.0012804178
81876000,81791000,6620172,487.33377,0.11058405,0.4612732,12.465175,0.0018965993
81932000,81852000,6620172,487.33804,0.1105327,0.47854614,12.467216,0.0020409655
81996000,81912000,6620172,487.3432,0.11061526,0.5777893,12.469853,0.002974645
82052000,81972000,6620172,487.34808,0.110563725,0.5463867,12.471946,0.0026596442
82116000,82032000,6620172,487.35333,0.110646114,0.5848694,12.474653,0.0030468197
82172000,82092000,6620172,487.36005,0.110594414,0.75149536,12.476794,0.005029295
82236000,82152000,6620172,487.3662,0.11067566,0.6882019,12.4672785,0.0042210217
82292000,82212000,6620172,487.3722,0.110622846,0.6673889,12.469358,0.003968911
82356000,82272000,6620172,487.37866,0.11070397,0.7215576,12.472085,0.004638317
82412000,82332000,6620172,487.38434,0.11065103,0.6357727,12.474247,0.0036003683
82476000,82391000,6620172,487.39218,0.11073204,0.87472534,12.477024,0.0068138083
82532000,82452000,6620172,487.40112,0.110679,0.9992981,12.479202,0.008891208
82596000,82512000,6620172,487.41092,0.11075992,1.095581,12.482086,0.010684626
82652000,82572000,6620172,487.42224,0.11070575,1.2628479,12.471334,0.014208448
82716000,82631000,6620172,487.43433,0.110785566,1.3482971,12.474323,0.016192418
82772000,82692000,6620172,487.44708,0.11073138,1.4245911,12.476879,0.01807307
82836000,82752000,6620172,487.46268,0.11081122,1.7421265,12.480388,0.027020214
82892000,82812000,6620172,487.47897,0.110757105,1.8208008,12.483508,0.029508404
82956000,82872000,6620172,487.497,0.11083709,2.013916,12.487843,0.036087167
83012000,82932000,6620172,487.5143,0.11078198,1.9322205,12.476902,0.03324789
83076000,82992000,6620172,487.53305,0.11086105,2.090271,12.481973,0.038893715
83132000,83052000,6620172,487.55377,0.11080631,2.313324,12.486787,0.047618937
83196000,83111000,6620172,487.5758,0.11088586,2.4595642,12.493473,0.053801037
83252000,83172000,6620172,487.5984,0.11083172,2.5247803,12.49988,0.056662906
83316000,83229000,6620172,487.62216,0.11091203,2.6567383,12.508673,0.06269657
83372000,83292000,6620172,487.6482,0.110858805,2.9134827,12.517095,0.075349234
83436000,83351000,6620172,487.6707,0.11093833,2.5133057,12.5049515,0.05612626
83492000,83412000,6620172,487.69397,0.11088443,2.6036987,12.5145445,0.060189944
83556000,83472000,6620172,487.71866,0.1109653,2.7623596,12.527448,0.06767921
83612000,83532000,6620172,487.74564,0.11091293,3.0226135,12.539762,0.08095309
83676000,83591000,6620172,487.773,0.11099557,3.0689697,12.556074,0.08334678
83732000,83652000,6620172,487.80096,0.11094517,3.1376343,12.571419,0.08701173
83796000,83711000,6620172,487.82944,0.11103005,3.2017822,12.591475,0.09046164
83852000,83772000,6620172,487.84845,0.11097337,2.1215515,12.500385,0.040007487
83916000,83831000,6620172,487.86716,0.11105125,2.0877075,12.509838,0.038711958
83972000,83892000,6620172,487.88593,0.11099565,2.0970764,12.518634,0.039032742
84036000,83952000,6620172,487.90598,0.11107475,2.243103,12.530159,0.044616897
84092000,84012000,6620172,487.92694,0.111020505,2.3476562,12.540776,0.048831727
84156000,84072000,6620172,487.94678,0.111101106,2.2202148,12.554536,0.043626145
84212000,84132000,6620172,487.96396,0.11104406,1.9190369,12.511674,0.03270459
84276000,84192000,6620172,487.97766,0.11111986,1.5262451,12.499898,0.02070616
84332000,84252000,6620172,487.99088,0.111062095,1.4751892,12.506922,0.019333147
84396000,84310000,6620172,488.00522,0.11113887,1.6005859,12.516059,0.022743007
84452000,84372000,6620172,488.01868,0.11108217,1.5039368,12.524336,0.020066053
84516000,84432000,6620172,488.03342,0.11116011,1.6463318,12.535002,0.024025245
84572000,84492000,6620172,488.0495,0.11110464,1.7999573,12.544576,0.0286963
84636000,84552000,6620172,488.0587,0.11117886,1.0213318,12.493717,0.009276829
84692000,84612000,6620172,488.0683,0.111119464,1.071167,12.499739,0.010199313
84756000,84672000,6620172,488.07874,0.11119453,1.1622925,12.507529,0.012000983
84812000,84732000,6620172,488.08966,0.111136034,1.2184753,12.514491,0.013181894
84876000,84792000,6620172,488.1007,0.11121208,1.2318115,12.523427,0.01346241
84932000,84852000,6620172,488.11124,0.11115462,1.1779175,12.531353,0.012302383
84996000,84910000,6620172,488.1232,0.11123178,1.3377075,12.541457,0.015853744
85052000,84972000,6620172,488.12775,0.11117103,0.50650024,12.494692,0.0022813466
85116000,85031000,6620172,488.13495,0.11124469,0.80303955,12.501608,0.005731463
85172000,85092000,6620172,488.14212,0.11118475,0.79919434,12.50772,0.005673932
85236000,85151000,6620172,488.14993,0.1112593,0.870636,12.51554,0.0067294743
85292000,85208000,6620172,488.15765,0.11120028,0.86099243,12.522408,0.0065776133
85340000,85260000,6620172,488.16467,0.11101,0.7849426,12.528117,0.0054644635
85404000,85320000,6620172,488.1732,0.11108941,0.953949,12.537208,0.008065048
85460000,85380000,6620172,488.17758,0.11103118,0.49093628,12.494401,0.002143346
85524000,85440000,6620172,488.18106,0.111107305,0.38742065,12.500931,0.0013340763
85580000,85500000,6620172,488.18613,0.11104974,0.5645447,12.506639,0.0028314802
85644000,85560000,6620172,488.19156,0.11112657,0.6065979,12.513911,0.0032671287
85700000,85620000,6620172,488.19678,0.111069754,0.58258057,12.520231,0.0030120148
85764000,85680000,6620172,488.2022,0.111147374,0.6065979,12.528248,0.00326339
85820000,85738666,6620172,488.20425,0.11108779,0.22842407,12.490482,0.0004641539
85884000,85798000,6620172,488.2062,0.111162536,0.21783447,12.496453,0.000421914
85932000,85848000,6620172,488.20905,0.11097072,0.31552124,12.500518,0.0008848847
85988000,85908000,6620172,488.21155,0.11091555,0.27874756,12.505898,0.0006903427
86052000,85968000,6620172,488.21463,0.11099469,0.34588623,12.512734,0.0010623602
86108000,86026666,6620172,488.21826,0.110940106,0.4072876,12.518623,0.0014723237
86172000,86088000,6620172,488.22168,0.11101987,0.3831482,12.526079,0.0013021947
86228000,86148000,6620172,488.22287,0.11096257,0.13180542,12.4903345,0.00015454322
86292000,86208000,6620172,488.22412,0.11103953,0.13845825,12.496042,0.00017046007
86348000,86268000,6620172,488.22586,0.11098272,0.19296265,12.500955,0.0003309488
86412000,86328000,6620172,488.2286,0.11106022,0.30673218,12.507195,0.0008358267
86468000,86388000,6620172,488.23114,0.11100397,0.28222656,12.512541,0.00070730667
86532000,86448000,6620172,488.23413,0.111082055,0.3330078,12.519312,0.0009842057
86588000,86508000,6620172,488.2369,0.11102642,0.311615,12.525078,0.0008614176
86828000,86748000,6620172,488.23834,0.111061946,0.09957886,12.507329,8.809011e-05
86948000,86868000,6620172,488.24118,0.111081384,0.28186035,12.518831,0.0007051178
87188000,87108000,6620172,488.2429,0.11111309,0.10369873,12.502401,9.556765e-05
87308000,87228000,6620172,488.2449,0.11112981,0.15090942,12.513022,0.0002022218
87492000,87408000,6620172,488.24377,0.11121838,-0.096191406,12.493818,8.228768e-05
87788000,87708000,6620172,488.2453,0.11118798,0.08578491,12.518493,6.531716e-05
87852000,87766000,6620172,488.24405,0.11126041,-0.14019775,12.490031,0.00017485421
87900000,87816000,6620172,488.2426,0.11106624,-0.16159058,12.493079,0.00023223092
88316000,88236000,6620172,488.24084,0.111064434,-0.16052246,12.493242,0.00022916798
88620000,88536000,6620172,488.23868,0.11117261,-0.15634155,12.485846,0.00021751456
88676000,88596000,6620172,488.2375,0.11111249,-0.13238525,12.48945,0.00015591698
88796000,88716000,6620172,488.2357,0.11112691,-0.14245605,12.49788,0.00018041929
88860000,88776000,6620172,488.23395,0.11120146,-0.19384766,12.50276,0.0003339433
88980000,88896000,6620172,488.23206,0.11121724,-0.119659424,12.511981,0.0001271526
89036000,88956000,6620172,488.23032,0.11115685,-0.19314575,12.495989,0.00033170893
89100000,89016000,6620172,488.22876,0.111230716,-0.17489624,12.500949,0.00027187887
89156000,89076000,6620172,488.22626,0.11117081,-0.27999878,12.505087,0.0006965993
89212000,89132000,6620172,488.22525,0.11111233,-0.11254883,12.509327,0.00011251373
89268000,89184000,6620172,488.22318,0.11105524,-0.23220825,12.513668,0.00047877134
89324000,89242666,6620172,488.22128,0.11099953,-0.2106018,12.518104,0.0003936798
89388000,89304000,6620172,488.21802,0.111078046,-0.3632202,12.523725,0.0011704799
89444000,89364000,6620172,488.21442,0.111020885,-0.4008484,12.505104,0.0014276786
89508000,89424000,6620172,488.20938,0.111097954,-0.56170654,12.51045,0.002802228
89564000,89484000,6620172,488.2059,0.111041225,-0.38919067,12.514892,0.0013447924
89628000,89544000,6620172,488.2034,0.111118734,-0.27844238,12.520508,0.0006880282
89684000,89604000,6620172,488.199,0.11106245,-0.49206543,12.525147,0.0021479311
89748000,89664000,6620172,488.19476,0.11114042,-0.47348022,12.531015,0.0019878102
89804000,89722666,6620172,488.19003,0.11108461,-0.5277405,12.535829,0.002468569
89868000,89784000,6620172,488.1854,0.11116094,-0.5171509,12.515446,0.0023743552
89924000,89844000,6620172,488.17978,0.11110349,-0.6287842,12.520011,0.0035087788
89988000,89904000,6620172,488.17368,0.111180305,-0.6810303,12.525776,0.0041142027
90044000,89964000,6620172,488.16708,0.11112335,-0.73721313,12.530519,0.0048191957
90108000,90024000,6620172,488.16068,0.111200675,-0.7166748,12.536511,0.0045522386
90164000,90084000,6620172,488.1534,0.11114423,-0.81118774,12.5414,0.005829808
90228000,90144000,6620172,488.14633,0.11121976,-0.7904968,12.518732,0.0055462243
90284000,90204000,6620172,488.13934,0.111161515,-0.7803955,12.523303,0.0054034125
90348000,90264000,6620172,488.13205,0.111237556,-0.81430054,12.529064,0.005880419
90404000,90324000,6620172,488.12442,0.111179836,-0.8538513,12.533773,0.0064630895
90468000,90384000,6620172,488.11725,0.111256406,-0.79992676,12.53972,0.005669831
90524000,90444000,6620172,488.10925,0.111199215,-0.8944702,12.544537,0.007086546
90588000,90504000,6620172,488.10028,0.11127631,-1.0020752,12.550633,0.008889809
90644000,90564000,6620172,488.0902,0.111217156,-1.1236877,12.524517,0.011201799
90708000,90624000,6620172,488.08145,0.11129229,-0.9769592,12.530147,0.008463583
90764000,90684000,6620172,488.07156,0.11123367,-1.1030579,12.534722,0.010785477
90828000,90744000,6620172,488.06146,0.111309335,-1.1282959,12.540503,0.011279467
90884000,90804000,6620172,488.0515,0.11125124,-1.1127319,12.545161,0.010966357
90948000,90864000,6620172,488.04178,0.11132744,-1.088562,12.551064,0.010490189
91004000,90924000,6620172,488.03223,0.11126988,-1.0671082,12.555773,0.010076992
91068000,90984000,6620172,488.02335,0.111344025,-0.9920349,12.529701,0.008727115
91124000,91044000,6620172,488.0135,0.11128443,-1.098938,12.534111,0.010705584
91188000,91104000,6620172,488.00333,0.11135912,-1.1329651,12.539688,0.011373754
91244000,91164000,6620172,487.9935,0.11130006,-1.0985107,12.544163,0.010688689
91308000,91224000,6620172,487.9835,0.11137529,-1.1163635,12.549839,0.01103394
91364000,91284000,6620172,487.97324,0.11131675,-1.1460266,12.554349,0.011623923
91428000,91344000,6620172,487.96362,0.111389905,-1.0727234,12.527763,0.010206091
91484000,91404000,6620172,487.9533,0.11132931,-1.1494141,12.531971,0.01171362
91548000,91464000,6620172,487.94458,0.111403,-0.97473145,12.537301,0.008420219
91604000,91522666,6620172,487.9357,0.111342944,-0.99069214,12.54156,0.008695276
91668000,91584000,6620172,487.92462,0.111417174,-1.2354736,12.546973,0.013517161
91724000,91644000,6620172,487.91492,0.111357644,-1.0836792,12.551257,0.010396131
91788000,91704000,6620172,487.90503,0.111432396,-1.1034546,12.556724,0.010774326
91844000,91764000,6620172,487.896,0.11137078,-1.0070496,12.528678,0.008994021
91908000,91824000,6620172,487.88635,0.111443445,-1.0740662,12.533735,0.010226782
91964000,91884000,6620172,487.87723,0.11138236,-1.0171509,12.537764,0.009168709
92028000,91944000,6620172,487.8685,0.11145555,-0.9740906,12.542892,0.008405402
92084000,92004000,6620172,487.85855,0.11139499,-1.1102295,12.546938,0.010915541
92148000,92064000,6620172,487.8485,0.111468695,-1.1192627,12.55211,0.0110893175
92204000,92122666,6620172,487.83914,0.11140863,-1.0481262,12.556149,0.009721386
92268000,92184000,6620172,487.8304,0.11148027,-0.97314453,12.5294895,0.008398057
92324000,92242666,6620172,487.82147,0.111418165,-0.99838257,12.533285,0.008836627
92388000,92302000,6620172,487.81253,0.11149033,-0.997345,12.538126,0.008814865
92436000,92352000,6620172,487.80377,0.11129588,-0.9795227,12.540882,0.008500773
92492000,92410666,6620172,487.79523,0.11123799,-0.95529175,12.54469,0.008082945
92556000,92470000,6620172,487.78638,0.111314304,-0.9901428,12.549574,0.008680089
92604000,92520000,6620172,487.77786,0.11112391,-0.95150757,12.552267,0.008014193
92660000,92580000,6620172,487.77002,0.11106756,-0.8762512,12.525454,0.0068111634
92724000,92640000,6620172,487.7629,0.11114536,-0.79345703,12.529997,0.0055828164
92780000,92700000,6620172,487.7543,0.111089274,-0.9626465,12.533575,0.008215163
92844000,92760000,6620172,487.74588,0.11116734,-0.941864,12.538157,0.007861406
92900000,92820000,6620172,487.7373,0.111111514,-0.96051025,12.541732,0.008173423
92964000,92878000,6620172,487.7305,0.111189835,-0.7595825,12.546332,0.005109644
93020000,92938666,6620172,487.72293,0.11113189,-0.84594727,12.520328,0.0063507995
93084000,93000000,6620172,487.71588,0.1112081,-0.787323,12.5246,0.0054992
93140000,93058666,6620172,487.70938,0.11115044,-0.72720337,12.527958,0.0046901745
93204000,93120000,6620172,487.70175,0.11122694,-0.85272217,12.532267,0.006446782
93260000,93180000,6620172,487.69476,0.11116956,-0.780365,12.535622,0.00539768
93324000,93238000,6620172,487.68668,0.11124633,-0.90322876,12.53995,0.00722865
93380000,93298666,6620172,487.6791,0.11118922,-0.84713745,12.543287,0.0063570244
93444000,93360000,6620172,487.6723,0.11126396,-0.7574158,12.519093,0.0050915894
93500000,93420000,6620172,487.6653,0.11120485,-0.7789917,12.522244,0.0053844457
93564000,93480000,6620172,487.65903,0.11127989,-0.7022095,12.5262985,0.004373892
93620000,93540000,6620172,487.65237,0.11122107,-0.7425232,12.529451,0.0048892866
93684000,93600000,6620172,487.64587,0.1112964,-0.7261658,12.5335245,0.0046747224
93740000,93658666,6620172,487.63937,0.11123786,-0.7271118,12.536664,0.0046857367
93804000,93718000,6620172,487.6329,0.11131347,-0.7238159,12.540743,0.004641844
93852000,93768000,6620172,487.62656,0.11112018,-0.70755005,12.515857,0.0044443808
93908000,93828000,6620172,487.6216,0.11106336,-0.5527649,12.518826,0.002711907
93972000,93888000,6620172,487.61688,0.111140646,-0.52819824,12.5226555,0.0024754545
94028000,93946666,6620172,487.6119,0.11108401,-0.5545349,12.525625,0.002727821
94092000,94008000,6620172,487.607,0.11116147,-0.5475464,12.529473,0.0026586826
94148000,94068000,6620172,487.6015,0.11110501,-0.61465454,12.532431,0.0033495338
94212000,94126000,6620172,487.59692,0.111182645,-0.51119995,12.5362835,0.0023161692
94260000,94176000,6620172,487.59335,0.110991426,-0.39846802,12.512467,0.0014099427
94316000,94234666,6620172,487.58838,0.110936634,-0.55685425,12.515271,0.0027529625
94380000,94296000,6620172,487.5845,0.111015886,-0.43460083,12.518901,0.0016763797
94436000,94354666,6620172,487.57983,0.11096117,-0.52075195,12.521706,0.0024063336
94500000,94414000,6620172,487.57626,0.1110405,-0.3980713,12.525353,0.0014056889
94548000,94464000,6620172,487.5721,0.11085301,-0.46514893,12.527293,0.0019190412
94604000,94524000,6620172,487.56815,0.11080187,-0.44595337,12.530084,0.0017635283
94668000,94584000,6620172,487.56448,0.11088277,-0.4104004,12.509271,0.0014960326
94724000,94644000,6620172,487.5614,0.110829644,-0.34475708,12.511932,0.001055503
94788000,94704000,6620172,487.55798,0.110910535,-0.3831787,12.515388,0.0013035147
94844000,94762666,6620172,487.555,0.110857405,-0.33590698,12.518052,0.0010015181
94908000,94824000,6620172,487.5526,0.11093829,-0.2654724,12.521528,0.00062537275
94964000,94884000,6620172,487.55,0.11088516,-0.29489136,12.524186,0.0007714931
95028000,94944000,6620172,487.5474,0.110964164,-0.29083252,12.504286,0.00075159606
95084000,95004000,6620172,487.54504,0.11090918,-0.26272583,12.506818,0.00061321986
95148000,95064000,6620172,487.54327,0.11098822,-0.19659424,12.510111,0.00034327162
95204000,95121333,6620172,487.54013,0.110933274,-0.35269165,12.512651,0.0011045834
95252000,95172000,6620172,487.53842,0.11074667,-0.19119263,12.514422,0.0003245555
95316000,95231000,6620172,487.5359,0.11082923,-0.2849121,12.517747,0.0007205318
95372000,95292000,6620172,487.5346,0.11077773,-0.14215088,12.520288,0.0001793256
95436000,95352000,6620172,487.53217,0.110858425,-0.27182007,12.501421,0.00065669115
95492000,95412000,6620172,487.52985,0.110805094,-0.26019287,12.50385,0.0006015954
95556000,95472000,6620172,487.5268,0.110885754,-0.34136963,12.507016,0.0010352697
95676000,95592000,6620172,487.5258,0.11091301,-0.13653564,12.512649,0.000165539
95732000,95652000,6620172,487.52463,0.1108596,-0.1307373,12.515093,0.00015174782
95796000,95712000,6620172,487.52267,0.11094019,-0.21899414,12.518305,0.00042567385
95852000,95772000,6620172,487.52106,0.11088504,-0.17956543,12.499422,0.0002866243
95916000,95832000,6620172,487.51962,0.1109639,-0.15856934,12.502468,0.00022346017
95972000,95892000,6620172,487.51846,0.11090876,-0.12921143,12.504817,0.0001483481
96036000,95952000,6620172,487.51627,0.11098763,-0.24401855,12.507895,0.00052895525
96092000,96012000,6620172,487.5152,0.11093251,-0.11935425,12.510255,0.00012652231
96156000,96072000,6620172,487.51395,0.11101139,-0.13955688,12.513358,0.00017293628
96332000,96252000,6620172,487.51205,0.11097678,-0.1409607,12.500441,0.00017661524
96452000,96372000,6620172,487.5108,0.11099739,-0.06265259,12.505705,3.4876055e-05
96516000,96432000,6620172,487.5097,0.11107474,-0.1234436,12.508712,0.00013535742
96636000,96552000,6620172,487.5086,0.11109392,-0.06668091,12.4942045,3.9541388e-05
96692000,96612000,6620172,487.50754,0.11103578,-0.11898804,12.496408,0.00012588642
97116000,97031000,6620172,487.50885,0.11116301,0.05303955,12.495516,2.5015142e-05
97404000,97320000,6620172,487.51096,0.11101386,0.1645813,12.507133,0.00024063604
97460000,97380000,6620172,487.51254,0.110956706,0.17822266,12.490839,0.00028254767
97524000,97440000,6620172,487.51373,0.111033574,0.13265991,12.493594,0.00015651267
97580000,97500000,6620172,487.51544,0.11097646,0.18914795,12.495718,0.0003181263
97700000,97620000,6620172,487.51773,0.11099628,0.15951538,12.500637,0.00022616763
97764000,97680000,6620172,487.51956,0.11107323,0.20480347,12.503459,0.0003727365
97884000,97800000,6620172,487.52142,0.11109001,0.09881592,12.487027,8.688649e-05
98004000,97920000,6620172,487.52423,0.111106575,0.25845337,12.490946,0.00059419166
98124000,98040000,6620172,487.5259,0.11112382,0.08679199,12.50035,6.695679e-05
98180000,98100000,6620172,487.52747,0.11106594,0.1720581,12.506337,0.00026301324
98244000,98160000,6620172,487.52924,0.11113984,0.19836426,12.481169,0.00035029108
98364000,98280000,6620172,487.5319,0.11115423,0.19262695,12.489365,0.00033010435
98484000,98400000,6620172,487.53418,0.11116969,0.15533447,12.499893,0.00021448004
98604000,98520000,6620172,487.53635,0.111185156,0.14550781,12.4955635,0.00018826703
98716000,98636000,6620172,487.53778,0.11106495,0.08630371,12.4876375,6.627292e-05
98820000,98736000,6620172,487.5392,0.11081754,0.10272217,12.495504,9.382791e-05
98940000,98856000,6620172,487.54077,0.11084598,0.11608887,12.506411,0.00011973082
99044000,98964000,6620172,487.5419,0.11060689,0.08682251,12.483039,6.709681e-05
99228000,99144000,6620172,487.54388,0.11072114,0.113586426,12.497127,0.000114709714
99644000,99564000,6620172,487.54495,0.11075708,0.0652771,12.498296,3.7881608e-05
