timestamp,timestamp_sample,time_last_fuse,device_id,observation[0],observation[1],observation_variance[0],observation_variance[1],innovation[0],innovation[1],innovation_variance[0],innovation_variance[1],test_ratio[0],test_ratio[1],estimator_instance,fusion_enabled,innovation_rejected,fused
3404000,3289297,0,0,0.0,0.0,1.0,1.0,0.00019743101,-0.0003796867,101.000175,101.000175,1.5437204e-11,5.7093764e-11,3,1,0,0
3804000,3689575,0,0,0.0,0.0,1.0,1.0,0.00042432983,2.3724027e-05,1.0003738,1.0003738,7.199541e-09,2.2504765e-11,3,1,0,0
4204000,4089743,0,0,0.0,0.0,1.0,1.0,0.00030673202,-7.9676334e-05,1.0004082,1.0004082,3.761846e-09,2.5382912e-10,3,1,0,0
4604000,4489845,0,0,0.0,0.0075268387,1.0,1.0,0.00036564295,-0.007726993,1.0002595,1.0002595,5.346403e-09,2.387637e-06,3,1,0,0
5004000,4889906,0,0,0.0,0.0075268387,1.0,1.0,6.808735e-05,-0.00804292,1.0001978,1.0001978,1.8539882e-10,2.587031e-06,3,1,0,0
5412000,5289944,0,0,0.0,0.0075268387,1.0,1.0,0.00017282969,-0.007537507,1.0001626,1.0001626,1.1946099e-09,2.272191e-06,3,1,0,0
5812000,5689966,0,0,0.0,0.0075268387,1.0,1.0,0.000109143075,-0.0072801225,1.0001326,1.0001326,4.7642523e-10,2.119726e-06,3,1,0,0
6212000,6089980,0,0,0.0,0.0075268387,1.0,1.0,8.52585e-05,-0.0075164256,1.0001127,1.0001127,2.907277e-10,2.2596116e-06,3,1,0,0
6604000,6489988,0,0,0.0,0.0075268387,1.0,1.0,-0.00038722914,-0.007477947,1.0000945,1.0000945,5.9972893e-09,2.2365762e-06,3,1,0,0
7012000,6889993,0,0,0.0,0.0075268387,1.0,1.0,-0.0003162117,-0.0071096052,1.0000877,1.0000877,3.9992423e-09,2.0216821e-06,3,1,0,0
7404000,7289996,0,0,0.0,0.0075268387,1.0,1.0,4.2701013e-06,-0.006749378,1.0000762,1.0000762,7.292951e-13,1.8220254e-06,3,1,0,0
7804000,7689998,0,0,0.0,0.0075268387,1.0,1.0,0.00012736577,-0.007047839,1.0000701,1.0000701,6.4883604e-10,1.986742e-06,3,1,0,0
8204000,8089999,0,0,0.0,0.0075268387,1.0,1.0,-5.2853287e-05,-0.007352574,1.0000643,1.0000643,1.1173162e-10,2.1622748e-06,3,1,0,0
8612000,8490000,0,0,0.0,0.0075268387,1.0,1.0,-0.0003454409,-0.0073087784,1.000159,1.000159,4.7724176e-09,2.1363899e-06,3,1,0,0
9012000,8894000,0,0,0.0,0.0075268387,1.0,1.0,0.00030826012,-0.0069552236,1.0001452,1.0001452,3.80042e-09,1.9347244e-06,3,1,0,0
9412000,9294000,0,0,0.0,0.0075268387,1.0,1.0,0.000820524,-0.006782444,1.000133,1.000133,2.6926804e-08,1.8398173e-06,3,1,0,0
9804000,9690000,0,0,0.0,0.0075268387,1.0,1.0,0.00084891083,-0.006850396,1.000118,1.000118,2.8822582e-08,1.8768953e-06,3,1,0,0
10212000,10090000,0,0,0.0,0.015053677,1.0,1.0,0.00042564297,-0.014693165,1.0001128,1.0001128,7.2460606e-09,8.63459e-06,3,1,0,0
10604000,10490000,0,0,0.0,0.0075268387,1.0,1.0,-0.00018380476,-0.007761759,1.0001005,1.0001005,1.3512318e-09,2.409554e-06,3,1,0,0
11012000,10890000,0,0,0.0,0.0075268387,1.0,1.0,-6.9098714e-05,-0.008085437,1.0000963,1.0000963,1.9096691e-10,2.6147197e-06,3,1,0,0
11412000,11290000,0,0,0.0,0.0075268387,1.0,1.0,-0.0003403456,-0.008207903,1.0000893,1.0000893,4.6329918e-09,2.6945465e-06,3,1,0,0
11812000,11690000,0,0,-0.011119492,0.0075268387,1.0,1.0,0.010633017,-0.008217585,1.0000829,1.0000829,4.5220672e-06,2.7009246e-06,3,1,0,0
12212000,12094000,0,0,0.0,0.0075268387,1.0,1.0,-0.000612648,-0.0077335616,1.000077,1.000077,1.5012347e-08,2.3921348e-06,3,1,0,0
12604000,12490000,0,0,0.0,0.0075268387,1.0,1.0,-0.00033968146,-0.0075708204,1.0000693,1.0000693,4.61502e-09,2.292534e-06,3,1,0,0
13012000,12890000,0,0,0.0,0.0075268387,1.0,1.0,1.6116934e-05,-0.006940162,1.0000668,1.0000668,1.0389529e-11,1.9265053e-06,3,1,0,0
13404000,13290000,0,0,0.0,0.0075268387,1.0,1.0,0.00011657724,-0.0070062345,1.0000606,1.0000606,5.435772e-10,1.963374e-06,3,1,0,0
13804000,13690000,0,0,0.0,0.015053677,1.0,1.0,0.0008406118,-0.014192647,1.0001364,1.0001364,2.8261274e-08,8.05615e-06,3,1,0,0
14204000,14090000,0,0,0.0,0.0,1.0,1.0,0.00044803307,2.3013272e-05,1.0001271,1.0001271,8.028325e-09,2.1181735e-11,3,1,0,0
14604000,14490000,0,0,0.0,0.0075268387,1.0,1.0,0.0004470903,-0.007910696,1.0001185,1.0001185,7.994642e-09,2.5028678e-06,3,1,0,0
15004000,14890000,0,0,0.0,0.0075268387,1.0,1.0,0.0006046514,-0.0077010365,1.0001104,1.0001104,1.4622518e-08,2.3719767e-06,3,1,0,0
15404000,15290000,0,0,0.0,0.0075268387,1.0,1.0,0.0003326816,-0.007484644,1.000103,1.000103,4.426626e-09,2.2405652e-06,3,1,0,0
15804000,15690000,0,0,0.0,0.0,1.0,1.0,0.00025054297,-3.762493e-05,1.000096,1.000096,2.5106304e-09,5.661998e-11,3,1,0,0
16204000,16090000,0,0,0.0,0.0,1.0,1.0,9.050359e-05,-0.00038584115,1.0000895,1.0000895,3.276067e-10,5.954403e-09,3,1,0,0
16604000,16490000,0,0,0.0,0.0075268387,1.0,1.0,7.0103226e-05,-0.008184613,1.0000834,1.0000834,1.9656209e-10,2.6792918e-06,3,1,0,0
17012000,16890000,0,0,0.0,0.0075268387,1.0,1.0,-0.00010807692,-0.008225409,1.0000806,1.0000806,4.671872e-10,2.7060764e-06,3,1,0,0
17404000,17290000,0,0,0.0,0.0075268387,1.0,1.0,-0.00013831705,-0.008202303,1.0000727,1.0000727,7.6520856e-10,2.6909154e-06,3,1,0,0
17804000,17690000,0,0,0.0,0.0075268387,1.0,1.0,-0.00027726518,-0.0077917622,1.000068,1.000068,3.0748302e-09,2.4282972e-06,3,1,0,0
18212000,18090000,0,0,0.0,0.0075268387,1.0,1.0,3.891706e-06,-0.00771465,1.0000657,1.0000657,6.0577525e-13,2.3804766e-06,3,1,0,0
18604000,18486000,0,0,0.0,0.0,1.0,1.0,0.00042812372,-0.0005131089,1.0000598,1.0000598,7.331158e-09,1.05306e-08,3,1,0,0
19012000,18894000,0,0,0.0,0.0075268387,1.0,1.0,0.0007837638,-0.009325062,1.0001373,1.0001372,2.4568056e-08,3.4777943e-06,3,1,0,0
19412000,19290000,0,0,0.0,0.0075268387,1.0,1.0,-0.00010239107,-0.008975212,1.0001284,1.0001284,4.1930343e-10,3.221764e-06,3,1,0,0
19804000,19690000,0,0,0.0,0.0075268387,1.0,1.0,0.00014338398,-0.008523738,1.0001161,1.0001161,8.2226315e-10,2.905827e-06,3,1,0,0
20204000,20090000,0,0,0.0,0.0075268387,1.0,1.0,0.0043125944,-0.004112308,1.0001085,1.0001085,7.438581e-07,6.763697e-07,3,1,0,0
20612000,20494000,0,0,0.0,0.0075268387,1.0,1.0,0.037723195,0.030323515,1.0001055,1.0001055,5.6915575e-05,3.6776742e-05,3,1,0,0
21012000,20890000,0,0,0.0,0.0075268387,1.0,1.0,0.15083428,0.1460923,1.0004636,1.0004634,0.00090961746,0.00085332297,3,1,0,0
21412000,21290000,0,0,0.0,0.0075268387,1.0,1.0,0.32582316,0.32727006,1.0029275,1.0029255,0.0042340336,0.004271731,3,1,0,0
21804000,21690000,0,0,0.0,0.015053677,1.0,1.0,0.5429989,0.54585904,1.0157048,1.0157022,0.011611557,0.01173423,3,1,0,0
22212000,22090000,0,0,0.0,0.0075268387,1.0,1.0,0.79752374,0.8208036,1.0575881,1.057599,0.024056401,0.025481058,3,1,0,0
22604000,22490000,0,0,0.011119493,0.0,1.0,1.0,1.0306371,1.0867703,1.1513116,1.1513776,0.036904447,0.041031536,3,1,0,0
23012000,22890000,0,0,0.022238987,0.0,1.0,1.0,1.242453,1.32238,1.340381,1.3405912,0.046067182,0.052176647,3,1,0,0
23404000,23290000,0,0,0.14455341,-0.13548309,1.0,1.0,1.1425315,1.5156066,1.648124,1.648598,0.031681556,0.055733748,3,1,0,0
23804000,23690000,0,0,0.3002263,-0.3161272,1.0,1.0,0.9048263,1.6611603,2.1387768,2.139747,0.015311754,0.051584676,3,1,0,0
24212000,24090000,0,0,0.34470427,-0.36881506,1.0,1.0,0.81326354,1.7166142,2.8625035,2.8642604,0.009242225,0.041152183,3,1,0,0
24604000,24490000,0,0,0.23350935,-0.27849302,1.0,1.0,0.9146865,1.6604894,3.7770624,3.779829,0.008860339,0.029178306,3,1,0,0
25004000,24890000,0,0,0.022238987,-0.06774155,1.0,1.0,1.1125323,1.4677185,4.9079266,4.911893,0.010087583,0.017542707,3,1,0,0
25404000,25290000,0,0,-0.26686782,0.21827833,1.0,1.0,1.3245709,1.1166217,6.158705,6.1638575,0.011395175,0.008091323,3,1,0,0
25804000,25690000,0,0,-0.5670941,0.5193519,1.0,1.0,1.4415865,0.62464577,7.414667,7.4207325,0.011211139,0.0021032013,3,1,0,0
26204000,26090000,0,0,-0.8339619,0.797845,1.0,1.0,1.4064451,0.020372808,8.560097,8.566576,0.009243297,1.9380032e-06,3,1,0,0
26604000,26490000,0,0,-1.0452322,1.031177,1.0,1.0,1.2317476,-0.6214372,10.296382,10.30384,0.005894118,0.0014991856,3,1,0,0
27004000,26890000,0,0,-1.1564271,1.1741871,1.0,1.0,0.7919934,-1.3675513,11.151731,11.158229,0.0022498877,0.006704278,3,1,0,0
27412000,27290000,0,0,-1.1119492,1.1516066,1.0,1.0,0.050445676,-2.088392,11.772892,11.77775,8.64619e-06,0.014812272,3,1,0,0
27804000,27690000,0,0,-0.8895593,0.93332815,1.0,1.0,-0.92913204,-2.6594985,12.027228,12.030158,0.0028711068,0.023517339,3,1,0,0
28204000,28090000,0,0,-0.52261615,0.56451297,1.0,1.0,-2.0701656,-3.079871,12.120419,12.121551,0.014143359,0.031301625,3,1,0,0
28612000,28490000,0,0,-0.10007543,0.12795626,1.0,1.0,-3.1742117,-3.3267708,12.100623,12.100522,0.03330612,0.03658488,3,1,0,0
29004000,28890000,0,0,0.31134582,-0.2935467,1.0,1.0,-4.0199566,-3.3451705,11.8786745,11.877898,0.054417018,0.037683994,3,1,0,0
29412000,29290000,0,0,0.6671696,-0.64730805,1.0,1.0,-4.5864635,-3.2188437,11.673775,11.672664,0.0720783,0.035505023,3,1,0,0
29812000,29690000,0,0,0.92291796,-0.9032205,1.0,1.0,-4.784279,-2.9312685,11.383123,11.381765,0.08043249,0.030196844,3,1,0,0
30204000,30090000,0,0,1.0785909,-1.0537572,1.0,1.0,-4.673108,-2.5418859,11.036813,11.035291,0.07914582,0.023420077,3,1,0,0
30612000,30490000,0,0,1.1564274,-1.1064451,1.0,1.0,-4.3850126,-2.1459022,10.753702,10.752123,0.07152267,0.017131114,3,1,0,0
31012000,30890000,0,0,1.1230688,-1.0612841,1.0,1.0,-3.9090877,-1.7573833,10.436411,10.434926,0.0585679,0.01183869,3,1,0,0
31404000,31290000,0,0,0.97851545,-0.94085467,1.0,1.0,-3.2925696,-1.4047881,10.097658,10.0963745,0.04294467,0.007818369,3,1,0,0
31804000,31690000,0,0,0.789484,-0.77526426,1.0,1.0,-2.8240657,-1.2876017,10.648718,10.647436,0.029957961,0.0062284223,3,1,0,0
32204000,32090000,0,0,0.5893331,-0.58709335,1.0,1.0,-2.1690443,-1.0158788,10.310368,10.309351,0.018252512,0.0040041697,3,1,0,0
32604000,32490000,0,0,0.38918227,-0.4139761,1.0,1.0,-1.5922854,-0.81244457,9.988724,9.987944,0.01015294,0.0026434518,3,1,0,0
33004000,32890000,0,0,0.23350935,-0.26343936,1.0,1.0,-1.1437209,-0.67616767,9.6854105,9.684839,0.0054023415,0.0018883233,3,1,0,0
33412000,33290000,0,0,0.13343391,-0.14300993,1.0,1.0,-0.8144822,-0.6074444,9.4222355,9.421894,0.0028162373,0.001566516,3,1,0,0
33812000,33690000,0,0,0.20015086,0.030107353,1.0,1.0,-0.6302261,-0.79978013,9.1526985,9.153008,0.0017358155,0.0027953575,3,1,0,0
34212000,34090000,0,0,0.6115721,0.27849302,1.0,1.0,-0.7663325,-1.400482,8.901423,8.90284,0.0026389735,0.008812245,3,1,0,0
34612000,34494000,0,0,1.4677731,0.5946201,1.0,1.0,-1.3091072,-2.427209,8.66987,8.671957,0.007906746,0.027174227,3,1,0,0
35012000,34890000,0,0,2.7909927,1.053757,1.0,1.0,-2.2470505,-3.8723855,8.460283,8.46113,0.023872657,0.07089062,3,1,0,0
35404000,35290000,0,0,4.3922,1.6483765,1.0,1.0,-3.3947806,-5.5216117,8.253874,8.250923,0.05585031,0.14780502,3,1,0,0
35812000,35690000,0,0,6.1379604,2.3935323,1.0,1.0,-4.6231146,-7.284367,8.102106,8.093491,0.10551917,0.26224533,3,1,0,0
36212000,36090000,0,0,7.8392434,3.1537411,1.0,1.0,-5.888013,-8.8206215,7.9488344,7.9344263,0.17445928,0.39223182,3,1,0,0
36604000,36490000,0,0,9.507168,3.9064229,1.0,1.0,-7.204598,-10.15387,7.793629,7.773988,0.26640338,0.53049254,3,1,0,0
37004000,36890000,0,0,11.197331,4.666631,1.0,1.0,-8.41592,-11.874519,8.14477,8.116634,0.3478439,0.69489,3,1,0,0
37404000,37290000,0,0,12.887494,5.411785,1.0,1.0,-9.858154,-13.026609,8.017525,7.9846206,0.48485392,0.850097,3,1,0,0
37804000,37690000,0,0,14.633256,6.1644654,1.0,1.0,-11.419838,-14.085806,7.903381,7.866404,0.660035,1.0088978,3,1,1,0
38212000,38090000,0,0,16.379017,6.894565,1.0,1.0,-13.02847,-15.053844,7.817671,7.777243,0.8684992,1.1655453,3,1,1,0
38604000,38490000,0,0,18.124779,7.6020837,1.0,1.0,-14.70687,-15.862251,7.7107487,7.6687207,1.1220286,1.3124015,3,1,1,0
39004000,38890000,0,0,19.892778,8.332182,1.0,1.0,-16.441383,-16.628403,7.630675,7.5879636,1.4170127,1.4575914,3,1,1,0
39412000,39290000,0,0,21.64966,9.032173,1.0,1.0,-18.191145,-17.301832,7.576562,7.5342774,1.7470603,1.5892879,3,1,1,0
39804000,39690000,0,0,23.4399,9.754744,1.0,1.0,-20.01714,-17.883705,7.5002217,7.459944,2.1369283,1.7149025,3,1,1,0
40212000,40090000,0,0,25.219019,10.469788,1.0,1.0,-21.837627,-18.428787,7.4648166,7.427093,2.555358,1.8290882,3,1,1,0
40604000,40490000,0,0,26.987019,11.184831,1.0,1.0,-23.682526,-18.883434,7.406558,7.372224,3.029002,1.9347435,3,1,1,0
41004000,40890000,0,0,28.799498,11.92998,1.0,1.0,-25.58097,-19.33383,7.372581,7.341876,3.550377,2.03652,3,1,1,0
41404000,41290000,0,0,30.589739,12.65255,1.0,1.0,-27.473059,-19.712196,7.3465424,7.319377,4.1095195,2.1235178,3,1,1,0
41812000,41690000,0,0,32.413338,13.397698,1.0,1.0,-29.406345,-20.079716,7.344165,7.3200483,4.7097697,2.2032368,3,1,1,0
42204000,42090000,0,0,34.236935,14.135321,1.0,1.0,-31.16874,-20.802181,7.7422886,7.7174997,5.0191374,2.2428546,3,1,1,0
42612000,42490000,0,0,36.038296,14.880468,1.0,1.0,-33.110924,-21.06641,7.756535,7.7328258,5.6537266,2.295635,3,1,1,0
43012000,42890000,0,0,37.895252,15.625616,1.0,1.0,-35.123432,-21.291447,7.7601295,7.735798,6.358943,2.344041,3,1,1,0
43412000,43290000,0,0,39.70773,16.370764,1.0,1.0,-37.099663,-21.491503,7.769859,7.7428,7.085766,2.3861377,3,1,1,0
43804000,43690000,0,0,41.55357,17.13849,1.0,1.0,-39.120415,-21.692467,7.766543,7.734729,7.882049,2.433508,3,1,1,0
44204000,44090000,0,0,43.388287,17.883636,1.0,1.0,-41.132652,-21.85476,7.7859964,7.746745,8.69199,2.4662254,3,1,1,0
44612000,44490000,0,0,45.223007,18.628782,1.0,1.0,-43.14832,-21.999338,7.828322,7.778661,9.513035,2.4887106,3,1,1,0
45004000,44890000,0,0,47.079964,19.396507,1.0,1.0,-45.193504,-22.165651,7.835588,7.77404,10.426546,2.5279832,3,1,1,0
45404000,45290000,0,0,48.903564,20.14918,1.0,1.0,-47.206028,-22.308958,7.8639555,7.787896,11.334801,2.556221,3,1,1,0
45804000,45690000,0,0,50.76052,20.909376,1.0,1.0,-49.25115,-22.46118,7.8935423,7.800919,12.291949,2.5868983,3,1,1,0
46204000,46090000,0,0,52.59524,21.669575,1.0,1.0,-51.27388,-22.616732,7.9234767,7.812629,13.272006,2.6189213,3,1,1,0
46604000,46490000,0,0,54.41884,22.429771,1.0,1.0,-53.285076,-22.784573,7.952878,7.8227067,14.280613,2.654512,3,1,1,0
47012000,46890000,0,0,56.28692,23.20502,1.0,1.0,-55.34186,-22.970798,8.001553,7.8500443,15.3106365,2.6886861,3,1,1,0
47412000,47290000,0,0,58.0994,23.95769,1.0,1.0,-57.340652,-23.166685,8.027412,7.855579,16.383614,2.7328112,3,1,1,0
47812000,47690000,0,0,59.967476,24.732939,1.0,1.0,-59.346745,-23.311472,8.586695,8.365055,16.406946,2.5985472,3,1,1,0
48204000,48090000,0,0,61.824436,25.50066,1.0,1.0,-61.39284,-23.549463,8.5895,8.347131,17.552038,2.6575706,3,1,1,0
48604000,48490000,0,0,63.648033,26.253328,1.0,1.0,-63.40004,-23.78429,8.610346,8.346878,18.673187,2.7109175,3,1,1,0
49012000,48894000,0,0,65.52723,27.036102,1.0,1.0,-65.45776,-24.060234,8.649457,8.3645935,19.814972,2.7683108,3,1,1,0
49412000,49290000,0,0,67.36195,27.796295,1.0,1.0,-67.45887,-24.360916,8.660076,8.357492,21.01921,2.8403459,3,1,1,0
49812000,49690000,0,0,69.230034,28.57907,1.0,1.0,-69.486404,-24.714584,8.665012,8.346964,22.288996,2.9271033,3,1,1,0
50212000,50090000,0,0,71.08699,29.339262,1.0,1.0,-71.4903,-25.08408,8.663788,8.332911,23.596437,3.0203662,3,1,1,0
50612000,50490000,0,0,72.91059,30.076874,1.0,1.0,-73.39942,-25.485104,8.654745,8.3140545,24.89952,3.1247833,3,1,1,0
51012000,50894000,0,0,74.77867,30.761797,1.0,1.0,-75.326515,-25.880154,8.639482,8.291738,26.270483,3.2310832,3,1,1,0
51404000,51290000,0,0,76.58003,31.363926,1.0,1.0,-77.169556,-26.25449,8.595121,8.245169,27.714048,3.3440104,3,1,1,0
51804000,51690000,0,0,78.40363,31.93595,1.0,1.0,-79.00974,-26.618196,8.568005,8.215981,29.143492,3.4495137,3,1,1,0
52212000,52090000,0,0,80.19387,32.5155,1.0,1.0,-80.77429,-27.007502,8.557789,8.20315,30.496132,3.5567076,3,1,1,0
52604000,52490000,0,0,81.89516,33.102573,1.0,1.0,-82.463806,-26.976755,9.108985,8.695528,29.861853,3.3476763,3,1,1,0
53012000,52890000,0,0,83.42965,33.697178,1.0,1.0,-83.98274,-27.157251,9.106276,8.675577,30.981276,3.4004252,3,1,1,0
53412000,53290000,0,0,84.71951,34.284256,1.0,1.0,-85.30408,-27.237614,9.085535,8.631904,32.036793,3.4378862,3,1,1,0
53804000,53690000,0,0,85.85371,34.886387,1.0,1.0,-86.52695,-27.28858,9.044412,8.565953,33.111774,3.4773319,3,1,1,0
54212000,54090000,0,0,86.821106,35.473465,1.0,1.0,-87.67186,-27.203445,9.05622,8.5437155,33.949505,3.4646635,3,1,1,0
54612000,54490000,0,0,87.632835,36.04549,1.0,1.0,-88.748474,-27.114178,9.0442295,8.501553,34.83455,3.4590323,3,1,1,0
55004000,54890000,0,0,88.355606,36.632572,1.0,1.0,-89.775505,-27.093843,9.00531,8.440231,35.799503,3.4789395,3,1,1,0
55404000,55290000,0,0,88.87823,37.332554,1.0,1.0,-90.55018,-27.086773,8.995187,8.399105,36.460987,3.4941494,3,1,1,0
55812000,55690000,0,0,89.04502,38.16802,1.0,1.0,-90.933304,-26.980213,9.025743,8.377593,36.6457,3.4756136,3,1,1,0
56212000,56090000,0,0,88.944954,39.08628,1.0,1.0,-91.0301,-26.99709,9.029241,8.334005,36.709526,3.4981637,3,1,1,0
56612000,56490000,0,0,88.63361,40.064754,1.0,1.0,-90.84828,-27.09483,9.027321,8.289016,36.57081,3.5426633,3,1,1,0
57012000,56890000,0,0,88.06653,41.366882,1.0,1.0,-90.13445,-27.520847,9.019525,8.235084,36.02948,3.6788797,3,1,1,0
57412000,57290000,0,0,87.33265,42.962555,1.0,1.0,-89.00944,-28.305483,8.999485,8.173798,35.21393,3.920823,3,1,1,0
57804000,57690000,0,0,86.46535,44.708763,1.0,1.0,-87.80143,-28.217506,9.622851,8.6336975,32.044933,3.68893,3,1,1,0
58212000,58090000,0,0,85.65363,46.40981,1.0,1.0,-86.61168,-29.320366,9.580349,8.589479,31.32071,4.003427,3,1,1,0
58612000,58490000,0,0,84.942,48.08075,1.0,1.0,-85.569725,-30.682999,9.481512,8.524925,30.890339,4.4173822,3,1,1,0
59012000,58890000,0,0,84.308205,49.78932,1.0,1.0,-84.6339,-32.303825,9.361629,8.46139,30.605349,4.9331713,3,1,1,0
59404000,59290000,0,0,83.78561,51.46026,1.0,1.0,-83.8368,-34.086746,9.204698,8.376513,30.543571,5.548401,3,1,1,0
59812000,59690000,0,0,83.32972,53.14625,1.0,1.0,-83.12355,-35.927696,9.089155,8.331877,30.407774,6.19692,3,1,1,0
60204000,60090000,0,0,82.91831,54.787083,1.0,1.0,-82.50471,-37.90963,8.926396,8.246644,30.50291,6.970787,3,1,1,0
60612000,60490000,0,0,82.51803,56.382755,1.0,1.0,-81.94186,-39.875076,8.806519,8.20009,30.497717,7.7561183,3,1,1,0
61012000,60890000,0,0,82.0399,58.008533,1.0,1.0,-81.35765,-41.96782,8.667421,8.132445,30.546883,8.663067,3,1,1,0
61404000,61290000,0,0,81.49506,59.498833,1.0,1.0,-80.823814,-44.020355,8.511359,8.045971,30.700096,9.6336,3,1,1,0
61804000,61690000,0,0,80.927986,60.823544,1.0,1.0,-80.44643,-45.963135,8.377481,7.979533,30.900108,10.590143,3,1,1,0
62212000,62094000,0,0,80.3609,61.960087,1.0,1.0,-80.20206,-47.801605,8.264147,7.933076,31.133862,11.521349,3,1,1,0
62604000,62490000,0,0,79.838295,62.93857,1.0,1.0,-80.06914,-49.638874,8.1158905,7.8518248,31.5976,12.552587,3,1,1,0
63004000,62890000,0,0,79.36017,63.804146,1.0,1.0,-80.07212,-50.54671,8.516645,8.286058,30.113003,12.333826,3,1,1,0
63404000,63290000,0,0,78.95987,64.54177,1.0,1.0,-80.15974,-52.404366,8.382885,8.221701,30.660486,13.360825,3,1,1,0
63812000,63690000,0,0,78.61517,65.1966,1.0,1.0,-80.30984,-54.246998,8.277966,8.178465,31.165483,14.3926115,3,1,1,0
64212000,64090000,0,0,78.30384,65.806274,1.0,1.0,-80.40255,-56.046906,8.1683035,8.116903,31.656855,15.480069,3,1,1,0
64612000,64490000,0,0,77.89242,66.31057,1.0,1.0,-80.43196,-57.630386,8.07342,8.0585575,32.05234,16.485638,3,1,1,0
65004000,64890000,0,0,77.35869,66.45358,1.0,1.0,-80.54982,-58.760765,7.972535,7.9916472,32.553123,17.28218,3,1,1,0
65404000,65290000,0,0,76.71375,66.32564,1.0,1.0,-80.68197,-59.522484,7.898562,7.9510055,32.9659,17.82379,3,1,1,0
65804000,65690000,0,0,75.93539,66.0321,1.0,1.0,-80.668655,-60.00054,7.8317485,7.9144626,33.236164,18.194868,3,1,1,0
66204000,66090000,0,0,74.84567,65.57298,1.0,1.0,-80.3518,-60.036835,7.7683845,7.8821583,33.244553,18.291546,3,1,1,0
66604000,66490000,0,0,73.389015,64.99344,1.0,1.0,-79.63585,-59.650734,7.704778,7.8511033,32.92434,18.128458,3,1,1,0
67004000,66890000,0,0,71.68772,64.300995,1.0,1.0,-78.60681,-59.030777,7.641771,7.8189726,32.343452,17.82655,3,1,1,0
67412000,67290000,0,0,69.90859,63.623608,1.0,1.0,-77.33391,-58.453682,7.5974727,7.7961583,31.486961,17.530855,3,1,1,0
67812000,67690000,0,0,68.14059,62.961273,1.0,1.0,-75.85854,-57.971436,7.5390735,7.745901,30.531702,17.354662,3,1,1,0
68212000,68090000,0,0,66.361465,62.321518,1.0,1.0,-74.222115,-57.555435,7.4831653,7.6881313,29.447018,17.235023,3,1,1,0
68604000,68490000,0,0,64.58234,61.681763,1.0,1.0,-72.983505,-56.857796,7.855675,8.077822,27.122261,16.00832,3,1,1,0
69004000,68890000,0,0,62.780975,61.042007,1.0,1.0,-71.08358,-56.530426,7.799957,8.002953,25.912327,15.972549,3,1,1,0
69404000,69290000,0,0,60.96849,60.402252,1.0,1.0,-69.06961,-56.23339,7.747375,7.92488,24.630854,15.960844,3,1,1,0
69812000,69690000,0,0,59.178246,59.762497,1.0,1.0,-67.00417,-55.95584,7.714508,7.8624253,23.278524,15.929213,3,1,1,0
70212000,70094000,0,0,57.37688,59.11521,1.0,1.0,-64.83647,-55.687912,7.66766,7.78295,21.92986,15.93814,3,1,1,0
70612000,70490000,0,0,55.575516,58.46793,1.0,1.0,-62.607124,-55.42244,7.62364,7.7051926,20.565777,15.945852,3,1,1,0
71004000,70890000,0,0,53.76303,57.820644,1.0,1.0,-60.30586,-55.15248,7.5657954,7.6142154,19.227571,15.979565,3,1,1,0
71412000,71290000,0,0,51.92831,57.158306,1.0,1.0,-57.951614,-54.858116,7.543509,7.5593104,17.808104,15.924272,3,1,1,0
71812000,71690000,0,0,50.104706,56.51102,1.0,1.0,-55.565353,-54.567158,7.507147,7.4930854,16.451036,15.895053,3,1,1,0
72204000,72090000,0,0,48.269985,55.848682,1.0,1.0,-53.141594,-54.24386,7.4566784,7.416792,15.148992,15.868835,3,1,1,0
72604000,72490000,0,0,46.44638,55.201397,1.0,1.0,-50.713985,-53.92076,7.4246435,7.3622336,13.856063,15.7965555,3,1,1,0
73004000,72890000,0,0,44.61166,54.531532,1.0,1.0,-48.263287,-53.560764,7.394622,7.3139896,12.60021,15.68914,3,1,1,0
73404000,73286000,0,0,42.743576,53.854137,1.0,1.0,-45.979233,-53.13224,7.79933,7.6919684,10.842417,14.680429,3,1,1,0
73812000,73690000,0,0,40.919975,53.1918,1.0,1.0,-43.46958,-52.793835,7.789676,7.670578,9.703122,14.53444,3,1,1,0
74212000,74090000,0,0,39.274284,52.58214,1.0,1.0,-41.059727,-52.643223,7.772445,7.640855,8.676297,14.507847,3,1,1,0
74604000,74486000,0,0,37.839863,52.047752,1.0,1.0,-38.781548,-52.695896,7.7485733,7.6039376,7.764054,14.607471,3,1,1,0
75004000,74890000,0,0,36.61672,51.58863,1.0,1.0,-36.6248,-52.94524,7.75299,7.5945845,6.920562,14.764197,3,1,1,0
75412000,75290000,0,0,35.57148,51.2123,1.0,1.0,-34.566338,-53.37932,7.7858825,7.6142693,6.138452,14.968483,3,1,1,0
75804000,75690000,0,0,34.748634,50.933815,1.0,1.0,-32.739723,-53.916138,7.7899046,7.6105685,5.503993,15.278491,3,1,1,0
76204000,76090000,0,0,34.070343,50.70049,1.0,1.0,-31.058205,-54.535896,7.818106,7.633163,4.935272,15.585487,3,1,1,0
76612000,76490000,0,0,33.614445,50.376842,1.0,1.0,-29.7333,-55.188114,7.876276,7.6732574,4.489782,15.877106,3,1,1,0
77012000,76890000,0,0,33.525482,49.849968,1.0,1.0,-28.99577,-55.82489,7.937545,7.6868606,4.23685,16.21686,3,1,1,0
77412000,77294000,0,0,33.647793,49.195133,1.0,1.0,-28.616827,-56.34193,8.004297,7.6917286,4.0924153,16.50819,3,1,1,0
77812000,77690000,0,0,33.859055,48.56288,1.0,1.0,-28.374147,-56.73294,8.05875,7.6941156,3.9961147,16.732925,3,1,1,0
78204000,78090000,0,0,34.13704,47.802673,1.0,1.0,-28.399538,-56.855263,8.081235,7.6659603,3.9921312,16.866882,3,1,1,0
78604000,78490000,0,0,34.49285,46.756447,1.0,1.0,-28.415098,-57.332523,8.66217,8.107309,3.728478,16.217554,3,1,1,0
79012000,78894000,0,0,34.937622,45.333878,1.0,1.0,-29.246159,-56.804844,8.717733,8.068598,3.924588,15.996783,3,1,1,0
79404000,79286000,0,0,35.437984,43.670452,1.0,1.0,-30.294895,-55.847168,8.713087,7.987174,4.213343,15.619574,3,1,1,0
79804000,79690000,0,0,36.005066,41.984447,1.0,1.0,-31.384739,-54.756493,8.712223,7.9305286,4.5223904,15.122691,3,1,1,0
80212000,80090000,0,0,36.54991,40.321022,1.0,1.0,-32.406746,-53.510403,8.706701,7.8990927,4.824776,14.499708,3,1,1,0
80604000,80490000,0,0,37.072517,38.665127,1.0,1.0,-33.40221,-52.072697,8.641756,7.8348756,5.1642637,13.843568,3,1,1,0
81004000,80890000,0,0,37.539524,36.994175,1.0,1.0,-34.33737,-50.52883,8.585355,7.791883,5.493332,13.106782,3,1,1,0
81404000,81290000,0,0,37.962055,35.30817,1.0,1.0,-35.22373,-48.836746,8.516087,7.751827,5.8276114,12.30692,3,1,1,0
81804000,81690000,0,0,38.340107,33.637222,1.0,1.0,-36.05605,-47.039215,8.437473,7.7135644,6.163166,11.474269,3,1,1,0
82212000,82090000,0,0,38.718163,31.973799,1.0,1.0,-36.87049,-45.189278,8.373613,7.6946177,6.4938903,10.61558,3,1,1,0
82604000,82490000,0,0,39.118454,30.32543,1.0,1.0,-37.66536,-43.217564,8.266285,7.642343,6.8648944,9.775839,3,1,1,0
83004000,82890000,0,0,39.596584,28.662008,1.0,1.0,-38.51159,-41.207123,8.177927,7.6089497,7.254369,8.926473,3,1,1,0
83412000,83290000,0,0,40.14143,26.998585,1.0,1.0,-39.37205,-39.144367,8.106268,7.5933,7.6491847,8.071755,3,1,1,0
83804000,83690000,0,0,40.73076,25.500751,1.0,1.0,-40.06665,-37.8885,8.516777,8.002092,7.5396423,7.1758156,3,1,1,0
84204000,84090000,0,0,41.342323,24.160982,1.0,1.0,-40.700363,-35.82147,8.402916,7.96718,7.885451,6.442318,3,1,1,0
84604000,84490000,0,0,41.95389,22.971746,1.0,1.0,-41.2311,-33.764275,8.286443,7.931856,8.206191,5.749102,3,1,1,0
85004000,84890000,0,0,42.56546,21.895414,1.0,1.0,-41.69102,-31.684072,8.171203,7.89675,8.508619,5.085031,3,1,1,0
85412000,85294000,0,0,43.15479,20.924458,1.0,1.0,-42.067772,-29.571709,8.078846,7.880402,8.76213,4.4387884,3,1,1,0
85804000,85690000,0,0,43.677402,20.081455,1.0,1.0,-42.347458,-27.457436,7.961566,7.829493,9.009821,3.8516455,3,1,1,0
86212000,86090000,0,0,44.133297,19.351357,1.0,1.0,-42.496704,-25.334135,7.8952894,7.8163137,9.149607,3.284507,3,1,1,0
86604000,86490000,0,0,44.48912,18.77932,1.0,1.0,-42.511482,-23.2627,7.817528,7.773129,9.247046,2.7847378,3,1,1,0
87012000,86894000,0,0,44.68927,18.395452,1.0,1.0,-42.290657,-21.199995,7.807515,7.775283,9.162965,2.3121464,3,1,1,0
87412000,87290000,0,0,44.755985,18.214811,1.0,1.0,-41.90459,-19.275957,7.8128157,7.765067,8.99033,1.9140209,3,1,1,0
87812000,87690000,0,0,44.67815,18.222338,1.0,1.0,-41.35078,-17.535515,7.8440237,7.753591,8.719439,1.5863322,3,1,1,0
88204000,88090000,0,0,44.522476,18.350294,1.0,1.0,-40.789703,-16.047028,7.872202,7.7199636,8.454051,1.33424,3,1,1,0
88604000,88490000,0,0,44.300087,18.52341,1.0,1.0,-40.27707,-14.724894,7.9286327,7.699626,8.184222,1.1264054,3,1,1,0
89004000,88890000,0,0,43.999863,18.719107,1.0,1.0,-39.520393,-13.240667,8.512541,8.154122,7.339108,0.86000806,3,1,1,0
89404000,89290000,0,0,43.65516,18.959965,1.0,1.0,-39.163174,-12.291652,8.579177,8.129345,7.1510553,0.74340403,3,1,1,0
89804000,89690000,0,0,43.288216,19.23093,1.0,1.0,-38.9305,-11.627069,8.632667,8.105589,7.0225525,0.66713846,3,1,1,0
90204000,90090000,0,0,42.910156,19.524477,1.0,1.0,-38.830257,-11.258573,8.667073,8.085125,6.958699,0.62710446,3,1,1,0
90604000,90490000,0,0,42.576572,19.818022,1.0,1.0,-38.88635,-11.110989,8.683645,8.068987,6.9654994,0.6119929,3,1,1,0
91012000,90890000,0,0,42.343063,20.051353,1.0,1.0,-39.15037,-11.125168,8.698515,8.076725,7.048337,0.6129681,3,1,1,0
91404000,91290000,0,0,42.24299,20.216944,1.0,1.0,-39.643795,-11.368255,8.643034,8.051602,7.273513,0.6420447,3,1,1,0
91812000,91690000,0,0,42.26523,20.31479,1.0,1.0,-40.343136,-11.6985235,8.613367,8.073553,7.558338,0.67804325,3,1,1,0
92204000,92090000,0,0,42.365303,20.352425,1.0,1.0,-41.14949,-12.138475,8.527338,8.062593,7.9428325,0.7309935,3,1,1,0
92604000,92490000,0,0,42.509857,20.344898,1.0,1.0,-42.025066,-12.594519,8.457048,8.078623,8.353298,0.7853908,3,1,1,0
93012000,92890000,0,0,42.676647,20.33737,1.0,1.0,-42.93567,-13.07259,8.404736,8.120293,8.77349,0.84180516,3,1,1,0
93404000,93290000,0,0,42.84344,20.299736,1.0,1.0,-43.79698,-13.544817,8.308712,8.120397,9.234527,0.9037099,3,1,1,0
93812000,93690000,0,0,42.976875,20.254574,1.0,1.0,-44.634785,-13.976406,8.254093,8.164026,9.654672,0.9570764,3,1,1,0
94204000,94090000,0,0,43.08807,20.209414,1.0,1.0,-45.542294,-13.964892,8.713747,8.718462,9.52105,0.8947368,3,1,1,0
94604000,94490000,0,0,43.188145,20.164251,1.0,1.0,-46.313984,-14.397661,8.634645,8.747601,9.936645,0.9478834,3,1,1,0
95012000,94890000,0,0,43.26598,20.126617,1.0,1.0,-47.052788,-14.813631,8.579742,8.799965,10.321824,0.9974752,3,1,1,0
95412000,95290000,0,0,43.32158,20.088984,1.0,1.0,-47.708595,-15.225803,8.506668,8.826777,10.70271,1.0505537,3,1,1,0
95812000,95690000,0,0,43.354935,20.058876,1.0,1.0,-48.307205,-15.639673,8.437321,8.851484,11.063163,1.1053486,3,1,1,0
96204000,96090000,0,0,43.377174,20.028769,1.0,1.0,-48.83183,-16.054148,8.351776,8.848458,11.420553,1.1651099,3,1,1,0
96604000,96490000,0,0,43.410534,20.00619,1.0,1.0,-49.35469,-16.47174,8.291207,8.866558,11.751657,1.224007,3,1,1,0
97012000,96890000,0,0,43.388294,19.945974,1.0,1.0,-49.87726,-16.815884,8.257079,8.91239,12.051434,1.2691275,3,1,1,0
97412000,97290000,0,0,43.110306,19.742752,1.0,1.0,-50.26522,-16.833578,8.21218,8.949117,12.3065605,1.2665802,3,1,1,0
97804000,97690000,0,0,42.432014,19.396523,1.0,1.0,-50.36534,-16.433395,8.156645,8.975254,12.439759,1.2035604,3,1,1,0
98212000,98090000,0,0,41.331184,18.914812,1.0,1.0,-50.257046,-15.640451,8.148487,9.069432,12.398723,1.0788932,3,1,1,0
98604000,98490000,0,0,39.86341,18.290094,1.0,1.0,-49.77249,-14.600872,8.103,9.11605,12.229056,0.93542916,3,1,1,0
99004000,98890000,0,0,38.184364,17.49226,1.0,1.0,-49.146935,-13.417041,8.075235,9.190169,11.964585,0.7835198,3,1,1,0
99404000,99290000,0,0,36.47196,16.626682,1.0,1.0,-49.225292,-11.9713745,8.575211,9.981237,11.30295,0.57433283,3,1,1,0
99812000,99690000,0,0,34.792915,15.813794,1.0,1.0,-48.359074,-11.034143,8.552699,10.036525,10.9373665,0.48523697,3,1,1,0
100204000,100090000,0,0,33.09163,15.015959,1.0,1.0,-47.183586,-10.249475,8.48238,9.992834,10.4984255,0.42050827,3,1,1,0
100612000,100490000,0,0,31.401464,14.248229,1.0,1.0,-45.9587,-9.5504265,8.4494915,9.9797125,9.99919,0.36558425,3,1,1,0
101004000,100890000,0,0,29.68906,13.472973,1.0,1.0,-44.479187,-8.939131,8.371996,9.880786,9.452456,0.32348865,3,1,1,0
101404000,101290000,0,0,27.932178,12.705243,1.0,1.0,-42.888638,-8.385524,8.31381,9.792325,8.850022,0.28723314,3,1,1,0
101812000,101690000,0,0,26.186417,11.937512,1.0,1.0,-41.254284,-7.8800306,8.275273,9.716811,8.226512,0.25561836,3,1,1,0
102204000,102090000,0,0,24.429537,11.169782,1.0,1.0,-39.430218,-7.441387,8.1977005,9.574067,7.5862355,0.23135097,3,1,1,0
102604000,102490000,0,0,22.683775,10.402051,1.0,1.0,-37.583954,-7.0399914,8.141241,9.451162,6.9402375,0.20975824,3,1,1,0
103012000,102890000,0,0,20.915773,9.619266,1.0,1.0,-35.685097,-6.6595674,8.106823,9.348501,6.2832313,0.18976235,3,1,1,0
103412000,103290000,0,0,19.114414,8.828953,1.0,1.0,-33.651283,-6.304599,8.055975,9.216385,5.622703,0.17251001,3,1,1,0
103812000,103690000,0,0,17.335295,8.031113,1.0,1.0,-31.585722,-5.9667134,8.009388,9.083011,4.9824424,0.15678357,3,1,1,0
104212000,104094000,0,0,15.545055,7.2182193,1.0,1.0,-29.461487,-5.6310606,7.966528,8.949612,4.3581305,0.14172165,3,1,1,0
104604000,104490000,0,0,13.777055,6.420378,1.0,1.0,-28.286144,-5.2077293,8.421782,9.4536085,3.8001742,0.11475172,3,1,1,0
105012000,104894000,0,0,11.975697,5.5999565,1.0,1.0,-26.068733,-4.9264293,8.406328,9.329159,3.2336538,0.10405956,3,1,1,0
105412000,105290000,0,0,10.152099,4.7644806,1.0,1.0,-23.760773,-4.6274433,8.375122,9.183548,2.6964352,0.09326779,3,1,1,0
105812000,105690000,0,0,8.36186,3.9515846,1.0,1.0,-21.44077,-4.3624773,8.348919,9.040696,2.2024722,0.0842024,3,1,1,0
106212000,106090000,0,0,6.7161746,3.1989028,1.0,1.0,-19.116901,-4.270134,8.331925,8.892894,1.7544849,0.08201625,3,1,1,0
106604000,106490000,0,0,5.3039985,2.5440693,1.0,1.0,-16.837692,-4.372945,8.305693,8.7198,1.3653666,0.08772057,3,1,1,0
107012000,106890000,0,0,4.080854,1.9946109,1.0,1.0,-14.630581,-4.7074637,8.334225,8.588381,1.0273488,0.10321021,3,1,1,0
107404000,107290000,0,0,3.0467412,1.5430012,1.0,1.0,-12.474879,-5.143203,8.331274,8.421982,0.74717325,0.12563568,3,1,0,0
107804000,107690000,0,0,2.2127793,1.2118206,1.0,1.0,-10.446366,-5.7488103,8.360411,8.284771,0.52211106,0.1595642,3,1,0,0
108212000,108090000,0,0,1.5456096,0.9483814,1.0,1.0,-8.555982,-6.4629064,8.421371,8.179752,0.34770972,0.20425634,3,1,0,0
108612000,108490000,0,0,1.0452324,0.7451569,1.0,1.0,-6.838414,-7.1857686,8.4640255,8.069746,0.22100079,0.25594494,3,1,0,0
109012000,108890000,0,0,0.6894086,0.59462017,1.0,1.0,-5.272858,-7.9366064,8.5032425,7.968388,0.13078792,0.31619805,3,1,0,0
109412000,109290000,0,0,0.5337357,0.50429815,1.0,1.0,-3.917168,-8.751872,8.542404,7.877309,0.07184958,0.3889413,3,1,0,0
109804000,109690000,0,0,0.5337357,0.4967713,1.0,1.0,-2.95164,-10.216272,9.174248,8.277813,0.037985362,0.50434685,3,1,0,0
110212000,110090000,0,0,0.55597466,0.50429815,1.0,1.0,-1.8509023,-11.049891,9.233489,8.227959,0.014840932,0.5935864,3,1,0,0
110604000,110490000,0,0,0.5893331,0.51182497,1.0,1.0,-0.94282943,-11.602492,9.211834,8.150978,0.0038599365,0.66062176,3,1,0,0
111012000,110890000,0,0,0.7005281,0.48924446,1.0,1.0,-0.21436873,-12.051644,9.218456,8.120575,0.00019939977,0.7154278,3,1,0,0
111412000,111290000,0,0,0.85620093,0.41397607,1.0,1.0,0.324759,-12.267762,9.17644,8.0758095,0.00045973563,0.7454261,3,1,0,0
111812000,111690000,0,0,1.0229933,0.29354665,1.0,1.0,0.7226777,-12.306898,9.113089,8.033062,0.0022923646,0.75418186,3,1,0,0
112212000,112090000,0,0,1.1675467,0.1430099,1.0,1.0,1.0236375,-12.176881,9.0288,7.9905047,0.004642184,0.74226314,3,1,0,0
112612000,112490000,0,0,1.2676221,0.007526837,1.0,1.0,1.2718819,-11.920825,8.925069,7.9473233,0.007250067,0.7152398,3,1,0,0
113004000,112890000,0,0,1.3009807,-0.08279521,1.0,1.0,1.4932498,-11.549422,8.783628,7.8846993,0.010154323,0.6766988,3,1,0,0
113412000,113290000,0,0,1.2565026,-0.11290256,1.0,1.0,1.7591715,-11.1877365,8.676703,7.8583207,0.014266636,0.6371104,3,1,0,0
113812000,113690000,0,0,1.1341883,-0.05268786,1.0,1.0,2.0390186,-10.821704,8.544175,7.8131847,0.019464007,0.5995469,3,1,0,0
114212000,114090000,0,0,0.9340374,0.09032205,1.0,1.0,2.350315,-10.512391,8.413111,7.7669973,0.026263678,0.5691279,3,1,0,0
114604000,114490000,0,0,0.7116475,0.278493,1.0,1.0,2.624519,-10.243813,8.267834,7.701097,0.033324815,0.5450429,3,1,0,0
115012000,114890000,0,0,0.4558992,0.51182497,1.0,1.0,2.8997917,-10.103657,8.169292,7.6680903,0.04117268,0.53251266,3,1,0,0
115412000,115290000,0,0,0.18903142,0.7752644,1.0,1.0,3.346017,-10.688104,8.599581,8.086433,0.052076165,0.56507266,3,1,0,0
115804000,115690000,0,0,-0.07783636,1.0311769,1.0,1.0,3.4906936,-10.650527,8.468561,8.00914,0.057553772,0.56652135,3,1,0,0
116212000,116090000,0,0,-0.31134567,1.264509,1.0,1.0,3.5483615,-10.715173,8.387619,7.9665256,0.060045026,0.5764868,3,1,0,0
116612000,116490000,0,0,-0.500377,1.4451531,1.0,1.0,3.4934626,-10.785006,8.296347,7.90492,0.058841713,0.588577,3,1,0,0
117012000,116890000,0,0,-0.6338109,1.5731095,1.0,1.0,3.329753,-10.867377,8.212694,7.843149,0.05400057,0.6023085,3,1,0,0
117404000,117290000,0,0,-0.7005278,1.6182705,1.0,1.0,3.058826,-10.886493,8.115866,7.764915,0.046114203,0.6105191,3,1,0,0
117812000,117690000,0,0,-0.70052785,1.5881631,1.0,1.0,2.6914308,-10.899967,8.059845,7.7222104,0.03595007,0.61541593,3,1,0,0
118204000,118090000,0,0,-0.6226914,1.4677337,1.0,1.0,2.2374744,-10.760861,7.9679914,7.647669,0.025132015,0.60565454,3,1,0,0
118604000,118490000,0,0,-0.47813806,1.2720358,1.0,1.0,1.7157738,-10.527039,7.893683,7.5925016,0.014917649,0.5838315,3,1,0,0
119012000,118890000,0,0,-0.26686773,1.0010695,1.0,1.0,1.1379141,-10.164339,7.834542,7.5566278,0.0066109723,0.54687774,3,1,0,0
119404000,119290000,0,0,-0.022238947,0.6698887,1.0,1.0,0.56131184,-9.593682,7.73751,7.4908895,0.0016287977,0.4914703,3,1,0,0
119804000,119690000,0,0,0.26686785,0.30107352,1.0,1.0,-0.028990284,-8.874764,7.654766,7.444689,4.3917034e-06,0.42318192,3,1,0,0
120204000,120090000,0,0,0.53373563,-0.08279522,1.0,1.0,-0.56054586,-8.548653,8.0323105,7.839424,0.0015647386,0.3728818,3,1,0,0
120612000,120490000,0,0,0.7783645,-0.43655658,1.0,1.0,-1.0479686,-7.5680523,7.9582763,7.812939,0.0055199806,0.29323363,3,1,0,0
121004000,120890000,0,0,0.93403745,-0.70752275,1.0,1.0,-1.3850868,-6.5166163,7.8542914,7.755695,0.009770279,0.21901992,3,1,0,0
121404000,121290000,0,0,0.98963493,-0.88064,1.0,1.0,-1.5665956,-5.4234614,7.774912,7.720532,0.012626364,0.1523933,3,1,0,0
121812000,121694000,0,0,0.9562764,-0.925801,1.0,1.0,-1.6029061,-4.3434334,7.7241755,7.7078586,0.01330528,0.09790223,3,1,0,0
122212000,122090000,0,0,0.8673205,-0.89569366,1.0,1.0,-1.533251,-3.29733,7.670986,7.6818166,0.012258443,0.05661361,3,1,0,0
122604000,122490000,0,0,0.7450061,-0.80537164,1.0,1.0,-1.3961229,-2.3301253,7.6157265,7.641548,0.0102375485,0.02842086,3,1,0,0
123012000,122890000,0,0,0.60045266,-0.67741543,1.0,1.0,-1.2198019,-1.4167163,7.608237,7.638225,0.007822663,0.010510741,3,1,0,0
123404000,123290000,0,0,0.45589924,-0.54193234,1.0,1.0,-1.0328445,-0.609483,7.57896,7.6026278,0.005630154,0.001954427,3,1,0,0
123812000,123690000,0,0,0.3335848,-0.3989224,1.0,1.0,-0.87018704,0.14288414,7.594602,7.6037498,0.00398823,0.000107398984,3,1,0,0
124212000,124090000,0,0,0.22238986,-0.27849302,1.0,1.0,-0.720704,0.812592,7.6008368,7.5893316,0.0027334585,0.003480179,3,1,0,0
124604000,124490000,0,0,0.14455341,-0.17311728,1.0,1.0,-0.6076137,1.3968394,7.593899,7.5584445,0.0019446895,0.010325724,3,1,0,0
125012000,124890000,0,0,0.066716954,-0.082795225,1.0,1.0,-0.4999537,1.9494107,7.622473,7.559706,0.0013116673,0.02010767,3,1,0,0
125404000,125290000,0,0,0.011119493,-0.0075268387,1.0,1.0,-0.44547996,2.5735886,8.082749,7.9809017,0.0009821034,0.03319604,3,1,0,0
125804000,125690000,0,0,-0.011119492,0.04516103,1.0,1.0,-0.39159527,3.0553646,8.101248,7.968625,0.0007571518,0.046860043,3,1,0,0
126204000,126090000,0,0,-0.033358477,0.09032206,1.0,1.0,-0.33881155,3.4913378,8.1217785,7.9591236,0.00056536024,0.061260212,3,1,0,0
126604000,126490000,0,0,-0.05559746,0.12795626,1.0,1.0,-0.28600022,3.8892515,8.143332,7.952192,0.00040178213,0.076086074,3,1,0,0
127012000,126894000,0,0,-0.066716954,0.1731173,1.0,1.0,-0.24357556,4.260413,8.185915,7.966689,0.00028990797,0.091135085,3,1,0,0
127412000,127290000,0,0,-0.08895594,0.19569781,1.0,1.0,-0.18727943,4.5979123,8.20754,7.964367,0.00017093349,0.10617692,3,1,0,0
127804000,127690000,0,0,-0.10007543,0.22580516,1.0,1.0,-0.1396226,4.8715696,8.206709,7.9442964,9.501724e-05,0.11949298,3,1,0,0
128204000,128090000,0,0,-0.11119492,0.24838568,1.0,1.0,-0.090553805,5.13704,8.224745,7.9446244,3.9879615e-05,0.1328656,3,1,0,0
128604000,128490000,0,0,-0.11119492,0.2559125,1.0,1.0,-0.05106005,5.379839,8.239732,7.9455934,1.2656376e-05,0.14570424,3,1,0,0
129004000,128890000,0,0,-0.122314416,0.2559125,1.0,1.0,0.0018703267,5.5952177,8.251064,7.9466996,1.6958403e-08,0.15758221,3,1,0,0
129412000,129290000,0,0,-0.122314416,0.2559125,1.0,1.0,0.045581996,5.7985125,8.280256,7.9672585,1.0036977e-05,0.1688046,3,1,0,0
129812000,129690000,0,0,-0.122314416,0.24838568,1.0,1.0,0.09133911,5.9559474,8.2835655,7.9674935,4.0286195e-05,0.17809018,3,1,0,0
130212000,130090000,0,0,-0.122314416,0.24085884,1.0,1.0,0.14030606,6.0827966,8.282162,7.9664736,9.507561e-05,0.18578066,3,1,0,0
130604000,130490000,0,0,-0.11119492,0.24085884,1.0,1.0,0.17696565,6.6299524,8.821381,8.461813,0.00014200427,0.20778653,3,1,0,0
131012000,130890000,0,0,-0.11119492,0.24085884,1.0,1.0,0.23437613,6.7221727,8.835238,8.480816,0.0002486958,0.21312858,3,1,0,0
131412000,131290000,0,0,-0.10007543,0.24085884,1.0,1.0,0.27930847,6.7634726,8.820143,8.475952,0.0003537957,0.21587928,3,1,0,0
131804000,131690000,0,0,-0.08895594,0.23333201,1.0,1.0,0.32192263,6.7631946,8.776412,8.4468775,0.00047233052,0.21660453,3,1,0,0
132212000,132090000,0,0,-0.066716954,0.23333201,1.0,1.0,0.35430336,6.771619,8.774357,8.458308,0.00057226245,0.21685103,3,1,0,0
132612000,132490000,0,0,-0.066716954,0.22580516,1.0,1.0,0.40453345,6.7452025,8.744507,8.445307,0.00074857194,0.21549368,3,1,0,0
133012000,132890000,0,0,-0.055597458,0.23333201,1.0,1.0,0.44036415,6.6837263,8.710518,8.429419,0.0008905123,0.21198235,3,1,0,0
133412000,133290000,0,0,-0.044477966,0.22580516,1.0,1.0,0.47253576,6.6191454,8.672742,8.410646,0.0010298475,0.20836966,3,1,0,0
133812000,133690000,0,0,-0.044477966,0.23333201,1.0,1.0,0.5136223,6.521073,8.631435,8.389059,0.0012225446,0.2027612,3,1,0,0
134212000,134090000,0,0,-0.033358473,0.233332,1.0,1.0,0.53997374,6.412872,8.586927,8.364677,0.0013582117,0.19665994,3,1,0,0
134604000,134490000,0,0,-0.044477966,0.24085884,1.0,1.0,0.58223766,6.26283,8.517403,8.316263,0.001592038,0.18865703,3,1,0,0
135004000,134890000,0,0,-0.033358473,0.233332,1.0,1.0,0.601089,6.131105,8.467875,8.286729,0.0017067234,0.18144889,3,1,0,0
135412000,135290000,0,0,-0.033358473,0.233332,1.0,1.0,0.6299474,5.994565,8.438087,8.275921,0.001881155,0.17368369,3,1,0,0
135804000,135690000,0,0,-0.033358473,0.24085884,1.0,1.0,0.6967102,6.279206,8.948803,8.782786,0.0021696987,0.17957138,3,1,0,0
136212000,136090000,0,0,-0.044477966,0.24085884,1.0,1.0,0.7330153,6.109557,8.912392,8.766943,0.0024115252,0.17030652,3,1,0,0
136612000,136490000,0,0,-0.033358473,0.233332,1.0,1.0,0.7419481,5.9206657,8.851759,8.726385,0.0024875826,0.16068181,3,1,0,0
137012000,136890000,0,0,-0.033358473,0.233332,1.0,1.0,0.7613815,5.7159595,8.789171,8.682564,0.0026382545,0.15051866,3,1,0,0
137404000,137290000,0,0,-0.033358473,0.22580516,1.0,1.0,0.7736926,5.4961753,8.70616,8.617175,0.002750238,0.14022201,3,1,0,0
137812000,137694000,0,0,-0.033358473,0.22580516,1.0,1.0,0.78520525,5.2815576,8.664787,8.591495,0.00284622,0.12987193,3,1,0,0
138204000,138090000,0,0,-0.022238983,0.21075149,1.0,1.0,0.77784467,5.0516534,8.577618,8.518656,0.0028214937,0.11982736,3,1,0,0
138604000,138490000,0,0,-0.022238983,0.20322464,1.0,1.0,0.7808416,4.82157,8.51149,8.465031,0.0028653673,0.109852105,3,1,0,0
139012000,138890000,0,0,-0.01111949,0.1956978,1.0,1.0,0.77323693,4.598937,8.466586,8.430963,0.002824729,0.10034547,3,1,0,0
139412000,139290000,0,0,3.182954e-09,0.18817097,1.0,1.0,0.7622307,4.3649807,8.401415,8.375054,0.0027661799,0.09099908,3,1,0,0
139804000,139690000,0,0,2.4756308e-09,0.1731173,1.0,1.0,0.75868595,4.1346717,8.315786,8.296976,0.002768731,0.082418025,3,1,0,0
140212000,140090000,0,0,2.8292924e-09,0.18064412,1.0,1.0,0.75704354,3.904786,8.275682,8.26293,0.0027701156,0.07381089,3,1,0,0
140604000,140490000,0,0,0.011119495,0.16559045,1.0,1.0,0.7459791,3.7373426,8.195509,8.186703,0.0027160472,0.06824593,3,1,0,0
141012000,140890000,0,0,0.066716954,0.0978489,1.0,1.0,0.69476813,3.6600351,8.156115,8.150043,0.0023673172,0.065746196,3,1,0,0
141404000,141290000,0,0,0.17791188,-0.022580516,1.0,1.0,0.63873225,3.8954794,8.619417,8.614553,0.0018933015,0.07046104,3,1,0,0
141804000,141690000,0,0,0.3002263,-0.18064412,1.0,1.0,0.51654017,3.902508,8.555114,8.551635,0.0012475054,0.07123583,3,1,0,0
142212000,142094000,0,0,0.43366024,-0.33118087,1.0,1.0,0.3878751,3.9348607,8.513369,8.510557,0.0007068746,0.0727714,3,1,0,0
142604000,142490000,0,0,0.5337357,-0.45161027,1.0,1.0,0.29157305,3.956126,8.431797,8.42912,0.00040330592,0.07427078,3,1,0,0
143012000,142890000,0,0,0.56709415,-0.50429815,1.0,1.0,0.27197325,3.9699123,8.392963,8.390036,0.0003525308,0.07513772,3,1,0,0
143404000,143290000,0,0,0.51149666,-0.48171765,1.0,1.0,0.33829856,3.9109836,8.314646,8.311296,0.00055057503,0.07361447,3,1,0,0
143812000,143690000,0,0,0.40030175,-0.36881506,1.0,1.0,0.4671871,3.7774887,8.278059,8.274063,0.0010546617,0.06898386,3,1,0,0
144204000,144090000,0,0,0.36694327,-0.34623456,1.0,1.0,0.4778925,3.4613469,8.204287,8.199282,0.0011134727,0.058448642,3,1,0,0
144612000,144490000,0,0,0.36694327,-0.34623456,1.0,1.0,0.43790558,3.0740242,8.1748705,8.1672,0.00093829643,0.046280853,3,1,0,0
145012000,144890000,0,0,0.38918224,-0.3537614,1.0,1.0,0.36022952,2.62317,8.13184,8.118956,0.00063830725,0.033901013,3,1,0,0
145404000,145290000,0,0,0.38918224,-0.3537614,1.0,1.0,0.29388323,2.1258855,8.077333,8.0561,0.00042770233,0.022439588,3,1,0,0
145804000,145690000,0,0,0.37806275,-0.3537614,1.0,1.0,0.23527393,1.5913687,8.050236,8.016033,0.000275042,0.012636945,3,1,0,0
146212000,146090000,0,0,0.37806275,-0.3537614,1.0,1.0,0.1653054,1.0322291,8.050672,7.9978943,0.00013576944,0.0053288867,3,1,0,0
146604000,146490000,0,0,0.37806275,-0.36128822,1.0,1.0,0.13282534,0.51217496,8.54997,8.463572,8.2538645e-05,0.0012397754,3,1,0,0
147012000,146890000,0,0,0.38918224,-0.3537614,1.0,1.0,0.054326713,-0.07158333,8.565493,8.447187,1.3782706e-05,2.4264516e-05,3,1,0,0
147404000,147290000,0,0,0.38918224,-0.3537614,1.0,1.0,-0.0054234564,-0.5762297,8.539617,8.389641,1.3777611e-07,0.0015830983,3,1,0,0
147812000,147690000,0,0,0.38918224,-0.3537614,1.0,1.0,-0.054525644,-1.0382668,8.557703,8.373307,1.3896467e-05,0.0051496876,3,1,0,0
148212000,148090000,0,0,0.37806275,-0.3537614,1.0,1.0,-0.07993144,-1.4020016,8.549625,8.335512,2.9891531e-05,0.0094324555,3,1,0,0
148604000,148490000,0,0,0.37806275,-0.3537614,1.0,1.0,-0.102176785,-1.6569717,8.512369,8.276308,4.9058468e-05,0.013269468,3,1,0,0
149012000,148890000,0,0,0.37806275,-0.3537614,1.0,1.0,-0.10717639,-1.8272076,8.510111,8.256527,5.3991207e-05,0.016174778,3,1,0,0
149412000,149290000,0,0,0.37806275,-0.3537614,1.0,1.0,-0.09517223,-1.8761859,8.475145,8.215057,4.274972e-05,0.017139617,3,1,0,0
149804000,149690000,0,0,0.38918224,-0.3537614,1.0,1.0,-0.07854843,-1.8100109,8.408215,8.152466,2.9351562e-05,0.016074348,3,1,0,0
150204000,150090000,0,0,0.37806275,-0.3537614,1.0,1.0,-0.024339437,-1.6530912,8.35387,8.10909,2.836569e-06,0.01347974,3,1,0,0
150604000,150490000,0,0,0.37806275,-0.3537614,1.0,1.0,0.01952228,-1.4846843,8.298431,8.066263,1.8370672e-06,0.010930898,3,1,0,0
151012000,150890000,0,0,0.37806275,-0.3537614,1.0,1.0,-0.37729907,0.35392272,1.0001104,1.0001103,0.0056935553,0.0050098994,3,1,0,0
151404000,151290000,0,0,0.37806275,-0.3537614,1.0,1.0,-0.3772152,0.35303864,1.0005219,1.0005219,0.005688683,0.0049828505,3,1,0,0
151804000,151690000,0,0,0.37806275,-0.3537614,1.0,1.0,-0.37914965,0.3521011,1.0003468,1.0003467,0.005748185,0.0049572885,3,1,0,0
152212000,152090000,0,0,0.37806275,-0.3537614,1.0,1.0,-0.3784362,0.35286933,1.0002408,1.0002407,0.0057271793,0.004979472,3,1,0,0
152612000,152494000,0,0,0.37806275,-0.3537614,1.0,1.0,-0.37733224,0.3533401,1.0001662,1.0001662,0.005694239,0.004993139,3,1,0,0
153012000,152890000,0,0,0.37806275,-0.3537614,1.0,1.0,-0.37699944,0.3534819,1.0001296,1.0001296,0.0056844065,0.0049973307,3,1,0,0
153412000,153290000,0,0,0.37806275,-0.3537614,1.0,1.0,-0.37695992,0.35406232,1.0001101,1.0001101,0.005683325,0.005013853,3,1,0,0
